ninja: build stopped: interrupted by user.
[1/12] Generating app.h
[2/12] Building CXX object CMakeFiles/taalcha.dir/src/db.cpp.obj
[3/12] Building CXX object CMakeFiles/taalcha.dir/src/generator.cpp.obj
[4/12] Building CXX object CMakeFiles/taalcha.dir/src/VaultManager.cpp.obj
[5/12] Building CXX object CMakeFiles/taalcha.dir/src/VaultManagerData.cpp.obj
[6/12] Building CXX object CMakeFiles/taalcha.dir/src/VaultManagerInit.cpp.obj
[7/12] Building CXX object CMakeFiles/taalcha.dir/src/VaultManagerCrypto.cpp.obj
[8/12] Building CXX object CMakeFiles/taalcha.dir/src/VaultManagerAuth.cpp.obj
[9/12] Building CXX object CMakeFiles/taalcha.dir/src/favicon.cpp.obj
[10/12] Building CXX object CMakeFiles/taalcha.dir/main.cpp.obj
[11/12] Building CXX object CMakeFiles/taalcha.dir/slint_generated_app_1.cpp.obj
[12/12] Linking CXX executable taalcha.exe
FAILED: [code=1] taalcha.exe 
: && /usr/bin/x86_64-w64-mingw32-g++  -Wl,--start-group -Wl,--end-group CMakeFiles/taalcha.dir/main.cpp.obj CMakeFiles/taalcha.dir/src/db.cpp.obj CMakeFiles/taalcha.dir/src/generator.cpp.obj CMakeFiles/taalcha.dir/src/VaultManager.cpp.obj CMakeFiles/taalcha.dir/src/VaultManagerInit.cpp.obj CMakeFiles/taalcha.dir/src/VaultManagerAuth.cpp.obj CMakeFiles/taalcha.dir/src/VaultManagerData.cpp.obj CMakeFiles/taalcha.dir/src/VaultManagerCrypto.cpp.obj CMakeFiles/taalcha.dir/src/favicon.cpp.obj CMakeFiles/taalcha.dir/slint_generated_app_1.cpp.obj -o taalcha.exe -Wl,--out-implib,libtaalcha.dll.a -Wl,--major-image-version,0,--minor-image-version,0  /home/trash/Taalcha/vendor/sqlite-windows/libsqlite3.dll.a  /home/trash/Taalcha/vendor/openssl-windows/lib/libssl.dll.a  /home/trash/Taalcha/vendor/openssl-windows/lib/libcrypto.dll.a  /home/trash/Taalcha/vendor/curl-windows/curl-8.21.0_6-win64-mingw/lib/libcurl.dll.a  -lws2_32  -lntdll  -lopengl32  -limm32  -lgdi32  -luser32  -lshell32  -lole32  -loleaut32  -luuid  -lcomdlg32  -ladvapi32  /home/trash/Taalcha/vendor/slint-windows-mingw/lib/libslint_cpp.a  -lkernel32 -luser32 -lgdi32 -lwinspool -lshell32 -lole32 -loleaut32 -luuid -lcomdlg32 -ladvapi32 && cd /home/trash/Taalcha/build-win && /usr/bin/cmake -E copy_directory /home/trash/Taalcha/vendor/curl-windows/curl-8.21.0_6-win64-mingw/bin /home/trash/Taalcha/build-win && cd /home/trash/Taalcha/build-win && /usr/bin/cmake -E copy_directory /home/trash/Taalcha/vendor/openssl-windows/bin /home/trash/Taalcha/build-win && cd /home/trash/Taalcha/build-win && /usr/bin/cmake -E copy /home/trash/Taalcha/vendor/sqlite-windows/sqlite3.dll /home/trash/Taalcha/build-win
/usr/x86_64-w64-mingw32/bin/ld: CMakeFiles/taalcha.dir/slint_generated_app_1.cpp.obj:slint_generated_app_1.cpp:(.text+0x114f): undefined reference to `__imp_slint_get_EmptyVTable'
/usr/x86_64-w64-mingw32/bin/ld: CMakeFiles/taalcha.dir/slint_generated_app_1.cpp.obj:slint_generated_app_1.cpp:(.text+0x11e9): undefined reference to `__imp_slint_get_EmptyVTable'
/usr/x86_64-w64-mingw32/bin/ld: CMakeFiles/taalcha.dir/slint_generated_app_1.cpp.obj:slint_generated_app_1.cpp:(.text+0x186c): undefined reference to `__imp_slint_get_EmptyVTable'
/usr/x86_64-w64-mingw32/bin/ld: CMakeFiles/taalcha.dir/slint_generated_app_1.cpp.obj:slint_generated_app_1.cpp:(.text+0x187c): undefined reference to `__imp_slint_get_MenuItemVTable'
/usr/x86_64-w64-mingw32/bin/ld: CMakeFiles/taalcha.dir/slint_generated_app_1.cpp.obj:slint_generated_app_1.cpp:(.text+0x188c): undefined reference to `__imp_slint_get_MenuItemVTable'
/usr/x86_64-w64-mingw32/bin/ld: CMakeFiles/taalcha.dir/slint_generated_app_1.cpp.obj:slint_generated_app_1.cpp:(.text+0x189c): undefined reference to `__imp_slint_get_MenuItemVTable'
/usr/x86_64-w64-mingw32/bin/ld: CMakeFiles/taalcha.dir/slint_generated_app_1.cpp.obj:slint_generated_app_1.cpp:(.text+0x18ac): undefined reference to `__imp_slint_get_MenuItemVTable'
/usr/x86_64-w64-mingw32/bin/ld: CMakeFiles/taalcha.dir/slint_generated_app_1.cpp.obj:slint_generated_app_1.cpp:(.text+0x242e): undefined reference to `__imp_slint_get_ComplexTextVTable'
/usr/x86_64-w64-mingw32/bin/ld: CMakeFiles/taalcha.dir/slint_generated_app_1.cpp.obj:slint_generated_app_1.cpp:(.text+0x252c): undefined reference to `__imp_slint_get_ComplexTextVTable'
/usr/x86_64-w64-mingw32/bin/ld: CMakeFiles/taalcha.dir/slint_generated_app_1.cpp.obj:slint_generated_app_1.cpp:(.text+0x262a): undefined reference to `__imp_slint_get_ComplexTextVTable'
/usr/x86_64-w64-mingw32/bin/ld: CMakeFiles/taalcha.dir/slint_generated_app_1.cpp.obj:slint_generated_app_1.cpp:(.text+0x2728): undefined reference to `__imp_slint_get_ComplexTextVTable'
/usr/x86_64-w64-mingw32/bin/ld: CMakeFiles/taalcha.dir/slint_generated_app_1.cpp.obj:slint_generated_app_1.cpp:(.text+0x2826): undefined reference to `__imp_slint_get_ComplexTextVTable'
/usr/x86_64-w64-mingw32/bin/ld: CMakeFiles/taalcha.dir/slint_generated_app_1.cpp.obj:slint_generated_app_1.cpp:(.text+0x2924): more undefined references to `__imp_slint_get_ComplexTextVTable' follow
/usr/x86_64-w64-mingw32/bin/ld: CMakeFiles/taalcha.dir/slint_generated_app_1.cpp.obj:slint_generated_app_1.cpp:(.text+0x2c1e): undefined reference to `__imp_slint_get_TextInputVTable'
/usr/x86_64-w64-mingw32/bin/ld: CMakeFiles/taalcha.dir/slint_generated_app_1.cpp.obj:slint_generated_app_1.cpp:(.text+0x2d1c): undefined reference to `__imp_slint_get_TextInputVTable'
/usr/x86_64-w64-mingw32/bin/ld: CMakeFiles/taalcha.dir/slint_generated_app_1.cpp.obj:slint_generated_app_1.cpp:(.text+0x4843): undefined reference to `__imp_slint_get_ClippedImageVTable'
/usr/x86_64-w64-mingw32/bin/ld: CMakeFiles/taalcha.dir/slint_generated_app_1.cpp.obj:slint_generated_app_1.cpp:(.text+0x48dd): undefined reference to `__imp_slint_get_ClippedImageVTable'
/usr/x86_64-w64-mingw32/bin/ld: CMakeFiles/taalcha.dir/slint_generated_app_1.cpp.obj:slint_generated_app_1.cpp:(.text+0x5046): undefined reference to `__imp_slint_get_ClippedImageVTable'
/usr/x86_64-w64-mingw32/bin/ld: CMakeFiles/taalcha.dir/slint_generated_app_1.cpp.obj:slint_generated_app_1.cpp:(.text+0x50e3): undefined reference to `__imp_slint_get_ClippedImageVTable'
/usr/x86_64-w64-mingw32/bin/ld: CMakeFiles/taalcha.dir/slint_generated_app_1.cpp.obj:slint_generated_app_1.cpp:(.text+0x5dec): undefined reference to `__imp_slint_get_ClippedImageVTable'
/usr/x86_64-w64-mingw32/bin/ld: CMakeFiles/taalcha.dir/slint_generated_app_1.cpp.obj:slint_generated_app_1.cpp:(.text+0x5f63): more undefined references to `__imp_slint_get_ClippedImageVTable' follow
/usr/x86_64-w64-mingw32/bin/ld: CMakeFiles/taalcha.dir/slint_generated_app_1.cpp.obj:slint_generated_app_1.cpp:(.text+0x693c): undefined reference to `__imp_slint_get_TouchAreaVTable'
/usr/x86_64-w64-mingw32/bin/ld: CMakeFiles/taalcha.dir/slint_generated_app_1.cpp.obj:slint_generated_app_1.cpp:(.text+0x7917): undefined reference to `__imp_slint_get_ClippedImageVTable'
/usr/x86_64-w64-mingw32/bin/ld: CMakeFiles/taalcha.dir/slint_generated_app_1.cpp.obj:slint_generated_app_1.cpp:(.text+0x7ac8): undefined reference to `__imp_slint_get_ClippedImageVTable'
/usr/x86_64-w64-mingw32/bin/ld: CMakeFiles/taalcha.dir/slint_generated_app_1.cpp.obj:slint_generated_app_1.cpp:(.text+0x84ce): undefined reference to `__imp_slint_get_ClippedImageVTable'
/usr/x86_64-w64-mingw32/bin/ld: CMakeFiles/taalcha.dir/slint_generated_app_1.cpp.obj:slint_generated_app_1.cpp:(.text+0x84de): undefined reference to `__imp_slint_get_TouchAreaVTable'
/usr/x86_64-w64-mingw32/bin/ld: CMakeFiles/taalcha.dir/slint_generated_app_1.cpp.obj:slint_generated_app_1.cpp:(.text+0xc708): undefined reference to `__imp_slint_get_SimpleTextVTable'
/usr/x86_64-w64-mingw32/bin/ld: CMakeFiles/taalcha.dir/slint_generated_app_1.cpp.obj:slint_generated_app_1.cpp:(.text+0xc934): undefined reference to `__imp_slint_get_SimpleTextVTable'
/usr/x86_64-w64-mingw32/bin/ld: CMakeFiles/taalcha.dir/slint_generated_app_1.cpp.obj:slint_generated_app_1.cpp:(.text+0xcaae): undefined reference to `__imp_slint_get_SimpleTextVTable'
/usr/x86_64-w64-mingw32/bin/ld: CMakeFiles/taalcha.dir/slint_generated_app_1.cpp.obj:slint_generated_app_1.cpp:(.text+0xcbac): undefined reference to `__imp_slint_get_SimpleTextVTable'
/usr/x86_64-w64-mingw32/bin/ld: CMakeFiles/taalcha.dir/slint_generated_app_1.cpp.obj:slint_generated_app_1.cpp:(.text+0xccaa): undefined reference to `__imp_slint_get_SimpleTextVTable'
/usr/x86_64-w64-mingw32/bin/ld: CMakeFiles/taalcha.dir/slint_generated_app_1.cpp.obj:slint_generated_app_1.cpp:(.text+0xcda8): more undefined references to `__imp_slint_get_SimpleTextVTable' follow
/usr/x86_64-w64-mingw32/bin/ld: CMakeFiles/taalcha.dir/slint_generated_app_1.cpp.obj:slint_generated_app_1.cpp:(.text+0xe57b): undefined reference to `__imp_slint_get_ComplexTextVTable'
/usr/x86_64-w64-mingw32/bin/ld: CMakeFiles/taalcha.dir/slint_generated_app_1.cpp.obj:slint_generated_app_1.cpp:(.text+0xe615): undefined reference to `__imp_slint_get_ComplexTextVTable'
/usr/x86_64-w64-mingw32/bin/ld: CMakeFiles/taalcha.dir/slint_generated_app_1.cpp.obj:slint_generated_app_1.cpp:(.text+0xef78): undefined reference to `__imp_slint_get_ComplexTextVTable'
/usr/x86_64-w64-mingw32/bin/ld: CMakeFiles/taalcha.dir/slint_generated_app_1.cpp.obj:slint_generated_app_1.cpp:(.text+0xf785): undefined reference to `__imp_slint_get_EmptyVTable'
/usr/x86_64-w64-mingw32/bin/ld: CMakeFiles/taalcha.dir/slint_generated_app_1.cpp.obj:slint_generated_app_1.cpp:(.text+0x10433): undefined reference to `__imp_slint_get_EmptyVTable'
/usr/x86_64-w64-mingw32/bin/ld: CMakeFiles/taalcha.dir/slint_generated_app_1.cpp.obj:slint_generated_app_1.cpp:(.text+0x1187f): undefined reference to `__imp_slint_get_EmptyVTable'
/usr/x86_64-w64-mingw32/bin/ld: CMakeFiles/taalcha.dir/slint_generated_app_1.cpp.obj:slint_generated_app_1.cpp:(.text+0x11d19): undefined reference to `__imp_slint_get_EmptyVTable'
/usr/x86_64-w64-mingw32/bin/ld: CMakeFiles/taalcha.dir/slint_generated_app_1.cpp.obj:slint_generated_app_1.cpp:(.text+0x12aa5): undefined reference to `__imp_slint_get_SimpleTextVTable'
/usr/x86_64-w64-mingw32/bin/ld: CMakeFiles/taalcha.dir/slint_generated_app_1.cpp.obj:slint_generated_app_1.cpp:(.text+0x12b6a): undefined reference to `__imp_slint_get_SimpleTextVTable'
/usr/x86_64-w64-mingw32/bin/ld: CMakeFiles/taalcha.dir/slint_generated_app_1.cpp.obj:slint_generated_app_1.cpp:(.text+0x12e45): undefined reference to `__imp_slint_get_SimpleTextVTable'
/usr/x86_64-w64-mingw32/bin/ld: CMakeFiles/taalcha.dir/slint_generated_app_1.cpp.obj:slint_generated_app_1.cpp:(.text+0x12f02): undefined reference to `__imp_slint_get_SimpleTextVTable'
/usr/x86_64-w64-mingw32/bin/ld: CMakeFiles/taalcha.dir/slint_generated_app_1.cpp.obj:slint_generated_app_1.cpp:(.text+0x13199): undefined reference to `__imp_slint_get_SimpleTextVTable'
/usr/x86_64-w64-mingw32/bin/ld: CMakeFiles/taalcha.dir/slint_generated_app_1.cpp.obj:slint_generated_app_1.cpp:(.text+0x13256): more undefined references to `__imp_slint_get_SimpleTextVTable' follow
/usr/x86_64-w64-mingw32/bin/ld: CMakeFiles/taalcha.dir/slint_generated_app_1.cpp.obj:slint_generated_app_1.cpp:(.text+0x1850b): undefined reference to `__imp_slint_get_EmptyVTable'
/usr/x86_64-w64-mingw32/bin/ld: CMakeFiles/taalcha.dir/slint_generated_app_1.cpp.obj:slint_generated_app_1.cpp:(.text+0x185a5): undefined reference to `__imp_slint_get_EmptyVTable'
/usr/x86_64-w64-mingw32/bin/ld: CMakeFiles/taalcha.dir/slint_generated_app_1.cpp.obj:slint_generated_app_1.cpp:(.text+0x18c28): undefined reference to `__imp_slint_get_EmptyVTable'
/usr/x86_64-w64-mingw32/bin/ld: CMakeFiles/taalcha.dir/slint_generated_app_1.cpp.obj:slint_generated_app_1.cpp:(.text+0x18c38): undefined reference to `__imp_slint_get_MenuItemVTable'
/usr/x86_64-w64-mingw32/bin/ld: CMakeFiles/taalcha.dir/slint_generated_app_1.cpp.obj:slint_generated_app_1.cpp:(.text+0x18c48): undefined reference to `__imp_slint_get_MenuItemVTable'
/usr/x86_64-w64-mingw32/bin/ld: CMakeFiles/taalcha.dir/slint_generated_app_1.cpp.obj:slint_generated_app_1.cpp:(.text+0x18c58): undefined reference to `__imp_slint_get_MenuItemVTable'
/usr/x86_64-w64-mingw32/bin/ld: CMakeFiles/taalcha.dir/slint_generated_app_1.cpp.obj:slint_generated_app_1.cpp:(.text+0x18c68): undefined reference to `__imp_slint_get_MenuItemVTable'
/usr/x86_64-w64-mingw32/bin/ld: CMakeFiles/taalcha.dir/slint_generated_app_1.cpp.obj:slint_generated_app_1.cpp:(.text+0x19b82): undefined reference to `__imp_slint_get_FlickableVTable'
/usr/x86_64-w64-mingw32/bin/ld: CMakeFiles/taalcha.dir/slint_generated_app_1.cpp.obj:slint_generated_app_1.cpp:(.text+0x19c80): undefined reference to `__imp_slint_get_FlickableVTable'
/usr/x86_64-w64-mingw32/bin/ld: CMakeFiles/taalcha.dir/slint_generated_app_1.cpp.obj:slint_generated_app_1.cpp:(.text+0x19d7e): undefined reference to `__imp_slint_get_FlickableVTable'
/usr/x86_64-w64-mingw32/bin/ld: CMakeFiles/taalcha.dir/slint_generated_app_1.cpp.obj:slint_generated_app_1.cpp:(.text+0x19e7c): undefined reference to `__imp_slint_get_FlickableVTable'
/usr/x86_64-w64-mingw32/bin/ld: CMakeFiles/taalcha.dir/slint_generated_app_1.cpp.obj:slint_generated_app_1.cpp:(.text+0x19f7a): undefined reference to `__imp_slint_get_FlickableVTable'
/usr/x86_64-w64-mingw32/bin/ld: CMakeFiles/taalcha.dir/slint_generated_app_1.cpp.obj:slint_generated_app_1.cpp:(.text+0x1a078): more undefined references to `__imp_slint_get_FlickableVTable' follow
/usr/x86_64-w64-mingw32/bin/ld: CMakeFiles/taalcha.dir/slint_generated_app_1.cpp.obj:slint_generated_app_1.cpp:(.text+0x1a6c2): undefined reference to `__imp_slint_get_ComplexTextVTable'
/usr/x86_64-w64-mingw32/bin/ld: CMakeFiles/taalcha.dir/slint_generated_app_1.cpp.obj:slint_generated_app_1.cpp:(.text+0x1a7c0): undefined reference to `__imp_slint_get_ComplexTextVTable'
/usr/x86_64-w64-mingw32/bin/ld: CMakeFiles/taalcha.dir/slint_generated_app_1.cpp.obj:slint_generated_app_1.cpp:(.text+0x1a920): undefined reference to `__imp_slint_get_TextInputVTable'
/usr/x86_64-w64-mingw32/bin/ld: CMakeFiles/taalcha.dir/slint_generated_app_1.cpp.obj:slint_generated_app_1.cpp:(.text+0x1aa1e): undefined reference to `__imp_slint_get_TextInputVTable'
/usr/x86_64-w64-mingw32/bin/ld: CMakeFiles/taalcha.dir/slint_generated_app_1.cpp.obj:slint_generated_app_1.cpp:(.text+0x238d5): undefined reference to `__imp_slint_get_BasicBorderRectangleVTable'
/usr/x86_64-w64-mingw32/bin/ld: CMakeFiles/taalcha.dir/slint_generated_app_1.cpp.obj:slint_generated_app_1.cpp:(.text+0x23a44): undefined reference to `__imp_slint_get_BasicBorderRectangleVTable'
/usr/x86_64-w64-mingw32/bin/ld: CMakeFiles/taalcha.dir/slint_generated_app_1.cpp.obj:slint_generated_app_1.cpp:(.text+0x24148): undefined reference to `__imp_slint_get_BasicBorderRectangleVTable'
/usr/x86_64-w64-mingw32/bin/ld: CMakeFiles/taalcha.dir/slint_generated_app_1.cpp.obj:slint_generated_app_1.cpp:(.text+0x25be9): undefined reference to `__imp_slint_get_SimpleTextVTable'
/usr/x86_64-w64-mingw32/bin/ld: CMakeFiles/taalcha.dir/slint_generated_app_1.cpp.obj:slint_generated_app_1.cpp:(.text+0x2662f): undefined reference to `__imp_slint_get_SimpleTextVTable'
/usr/x86_64-w64-mingw32/bin/ld: CMakeFiles/taalcha.dir/slint_generated_app_1.cpp.obj:slint_generated_app_1.cpp:(.text+0x27276): undefined reference to `__imp_slint_get_SimpleTextVTable'
/usr/x86_64-w64-mingw32/bin/ld: CMakeFiles/taalcha.dir/slint_generated_app_1.cpp.obj:slint_generated_app_1.cpp:(.text+0x27503): undefined reference to `__imp_slint_get_TouchAreaVTable'
/usr/x86_64-w64-mingw32/bin/ld: CMakeFiles/taalcha.dir/slint_generated_app_1.cpp.obj:slint_generated_app_1.cpp:(.text+0x277dd): undefined reference to `__imp_slint_get_SimpleTextVTable'
/usr/x86_64-w64-mingw32/bin/ld: CMakeFiles/taalcha.dir/slint_generated_app_1.cpp.obj:slint_generated_app_1.cpp:(.text+0x27aa9): undefined reference to `__imp_slint_get_TouchAreaVTable'
/usr/x86_64-w64-mingw32/bin/ld: CMakeFiles/taalcha.dir/slint_generated_app_1.cpp.obj:slint_generated_app_1.cpp:(.text+0x27cbd): undefined reference to `__imp_slint_get_SimpleTextVTable'
/usr/x86_64-w64-mingw32/bin/ld: CMakeFiles/taalcha.dir/slint_generated_app_1.cpp.obj:slint_generated_app_1.cpp:(.text+0x27f47): undefined reference to `__imp_slint_get_TouchAreaVTable'
/usr/x86_64-w64-mingw32/bin/ld: CMakeFiles/taalcha.dir/slint_generated_app_1.cpp.obj:slint_generated_app_1.cpp:(.text+0x2815b): undefined reference to `__imp_slint_get_SimpleTextVTable'
/usr/x86_64-w64-mingw32/bin/ld: CMakeFiles/taalcha.dir/slint_generated_app_1.cpp.obj:slint_generated_app_1.cpp:(.text+0x283d9): undefined reference to `__imp_slint_get_TouchAreaVTable'
/usr/x86_64-w64-mingw32/bin/ld: CMakeFiles/taalcha.dir/slint_generated_app_1.cpp.obj:slint_generated_app_1.cpp:(.text+0x286b3): undefined reference to `__imp_slint_get_SimpleTextVTable'
/usr/x86_64-w64-mingw32/bin/ld: CMakeFiles/taalcha.dir/slint_generated_app_1.cpp.obj:slint_generated_app_1.cpp:(.text+0x2897f): undefined reference to `__imp_slint_get_TouchAreaVTable'
/usr/x86_64-w64-mingw32/bin/ld: CMakeFiles/taalcha.dir/slint_generated_app_1.cpp.obj:slint_generated_app_1.cpp:(.text+0x28b93): undefined reference to `__imp_slint_get_SimpleTextVTable'
/usr/x86_64-w64-mingw32/bin/ld: CMakeFiles/taalcha.dir/slint_generated_app_1.cpp.obj:slint_generated_app_1.cpp:(.text+0x28e1d): undefined reference to `__imp_slint_get_TouchAreaVTable'
/usr/x86_64-w64-mingw32/bin/ld: CMakeFiles/taalcha.dir/slint_generated_app_1.cpp.obj:slint_generated_app_1.cpp:(.text+0x29031): undefined reference to `__imp_slint_get_SimpleTextVTable'
/usr/x86_64-w64-mingw32/bin/ld: CMakeFiles/taalcha.dir/slint_generated_app_1.cpp.obj:slint_generated_app_1.cpp:(.text+0x292af): undefined reference to `__imp_slint_get_TouchAreaVTable'
/usr/x86_64-w64-mingw32/bin/ld: CMakeFiles/taalcha.dir/slint_generated_app_1.cpp.obj:slint_generated_app_1.cpp:(.text+0x29589): undefined reference to `__imp_slint_get_SimpleTextVTable'
/usr/x86_64-w64-mingw32/bin/ld: CMakeFiles/taalcha.dir/slint_generated_app_1.cpp.obj:slint_generated_app_1.cpp:(.text+0x29855): undefined reference to `__imp_slint_get_TouchAreaVTable'
/usr/x86_64-w64-mingw32/bin/ld: CMakeFiles/taalcha.dir/slint_generated_app_1.cpp.obj:slint_generated_app_1.cpp:(.text+0x29a69): undefined reference to `__imp_slint_get_SimpleTextVTable'
/usr/x86_64-w64-mingw32/bin/ld: CMakeFiles/taalcha.dir/slint_generated_app_1.cpp.obj:slint_generated_app_1.cpp:(.text+0x29cf3): undefined reference to `__imp_slint_get_TouchAreaVTable'
/usr/x86_64-w64-mingw32/bin/ld: CMakeFiles/taalcha.dir/slint_generated_app_1.cpp.obj:slint_generated_app_1.cpp:(.text+0x29f07): undefined reference to `__imp_slint_get_SimpleTextVTable'
/usr/x86_64-w64-mingw32/bin/ld: CMakeFiles/taalcha.dir/slint_generated_app_1.cpp.obj:slint_generated_app_1.cpp:(.text+0x2a13c): undefined reference to `__imp_slint_get_RectangleVTable'
/usr/x86_64-w64-mingw32/bin/ld: CMakeFiles/taalcha.dir/slint_generated_app_1.cpp.obj:slint_generated_app_1.cpp:(.text+0x2ab13): undefined reference to `__imp_slint_get_ComplexTextVTable'
/usr/x86_64-w64-mingw32/bin/ld: CMakeFiles/taalcha.dir/slint_generated_app_1.cpp.obj:slint_generated_app_1.cpp:(.text+0x2b210): undefined reference to `__imp_slint_get_RectangleVTable'
/usr/x86_64-w64-mingw32/bin/ld: CMakeFiles/taalcha.dir/slint_generated_app_1.cpp.obj:slint_generated_app_1.cpp:(.text+0x2b2d6): undefined reference to `__imp_slint_get_ComplexTextVTable'
/usr/x86_64-w64-mingw32/bin/ld: CMakeFiles/taalcha.dir/slint_generated_app_1.cpp.obj:slint_generated_app_1.cpp:(.text+0x2b78c): undefined reference to `__imp_slint_get_RectangleVTable'
/usr/x86_64-w64-mingw32/bin/ld: CMakeFiles/taalcha.dir/slint_generated_app_1.cpp.obj:slint_generated_app_1.cpp:(.text+0x2c0a3): undefined reference to `__imp_slint_get_ComplexTextVTable'
/usr/x86_64-w64-mingw32/bin/ld: CMakeFiles/taalcha.dir/slint_generated_app_1.cpp.obj:slint_generated_app_1.cpp:(.text+0x2c421): undefined reference to `__imp_slint_get_ComplexTextVTable'
/usr/x86_64-w64-mingw32/bin/ld: CMakeFiles/taalcha.dir/slint_generated_app_1.cpp.obj:slint_generated_app_1.cpp:(.text+0x2cb69): undefined reference to `__imp_slint_get_ComplexTextVTable'
/usr/x86_64-w64-mingw32/bin/ld: CMakeFiles/taalcha.dir/slint_generated_app_1.cpp.obj:slint_generated_app_1.cpp:(.text+0x2d47d): undefined reference to `__imp_slint_get_ComplexTextVTable'
/usr/x86_64-w64-mingw32/bin/ld: CMakeFiles/taalcha.dir/slint_generated_app_1.cpp.obj:slint_generated_app_1.cpp:(.text+0x2d7ee): undefined reference to `__imp_slint_get_SimpleTextVTable'
/usr/x86_64-w64-mingw32/bin/ld: CMakeFiles/taalcha.dir/slint_generated_app_1.cpp.obj:slint_generated_app_1.cpp:(.text+0x2dacf): undefined reference to `__imp_slint_get_SimpleTextVTable'
/usr/x86_64-w64-mingw32/bin/ld: CMakeFiles/taalcha.dir/slint_generated_app_1.cpp.obj:slint_generated_app_1.cpp:(.text+0x2dd6f): undefined reference to `__imp_slint_get_SimpleTextVTable'
/usr/x86_64-w64-mingw32/bin/ld: CMakeFiles/taalcha.dir/slint_generated_app_1.cpp.obj:slint_generated_app_1.cpp:(.text+0x2df9c): undefined reference to `__imp_slint_get_SimpleTextVTable'
/usr/x86_64-w64-mingw32/bin/ld: CMakeFiles/taalcha.dir/slint_generated_app_1.cpp.obj:slint_generated_app_1.cpp:(.text+0x2e1c8): undefined reference to `__imp_slint_get_SimpleTextVTable'
/usr/x86_64-w64-mingw32/bin/ld: CMakeFiles/taalcha.dir/slint_generated_app_1.cpp.obj:slint_generated_app_1.cpp:(.text+0x2e3f4): more undefined references to `__imp_slint_get_SimpleTextVTable' follow
/usr/x86_64-w64-mingw32/bin/ld: CMakeFiles/taalcha.dir/slint_generated_app_1.cpp.obj:slint_generated_app_1.cpp:(.text+0x37fe5): undefined reference to `__imp_slint_get_ClippedImageVTable'
/usr/x86_64-w64-mingw32/bin/ld: CMakeFiles/taalcha.dir/slint_generated_app_1.cpp.obj:slint_generated_app_1.cpp:(.text+0x3807f): undefined reference to `__imp_slint_get_ClippedImageVTable'
/usr/x86_64-w64-mingw32/bin/ld: CMakeFiles/taalcha.dir/slint_generated_app_1.cpp.obj:slint_generated_app_1.cpp:(.text+0x388f0): undefined reference to `__imp_slint_get_ClippedImageVTable'
/usr/x86_64-w64-mingw32/bin/ld: CMakeFiles/taalcha.dir/slint_generated_app_1.cpp.obj:slint_generated_app_1.cpp:(.text+0x394f4): undefined reference to `__imp_slint_get_EmptyVTable'
/usr/x86_64-w64-mingw32/bin/ld: CMakeFiles/taalcha.dir/slint_generated_app_1.cpp.obj:slint_generated_app_1.cpp:(.text+0x396fe): undefined reference to `__imp_slint_get_EmptyVTable'
/usr/x86_64-w64-mingw32/bin/ld: CMakeFiles/taalcha.dir/slint_generated_app_1.cpp.obj:slint_generated_app_1.cpp:(.text+0x39e99): undefined reference to `__imp_slint_get_EmptyVTable'
/usr/x86_64-w64-mingw32/bin/ld: CMakeFiles/taalcha.dir/slint_generated_app_1.cpp.obj:slint_generated_app_1.cpp:(.text+0x3a4d5): undefined reference to `__imp_slint_get_EmptyVTable'
/usr/x86_64-w64-mingw32/bin/ld: CMakeFiles/taalcha.dir/slint_generated_app_1.cpp.obj:slint_generated_app_1.cpp:(.text+0x3aa09): undefined reference to `__imp_slint_get_EmptyVTable'
/usr/x86_64-w64-mingw32/bin/ld: CMakeFiles/taalcha.dir/slint_generated_app_1.cpp.obj:slint_generated_app_1.cpp:(.text+0x3af36): undefined reference to `__imp_slint_get_ComplexTextVTable'
/usr/x86_64-w64-mingw32/bin/ld: CMakeFiles/taalcha.dir/slint_generated_app_1.cpp.obj:slint_generated_app_1.cpp:(.text+0x3aff9): undefined reference to `__imp_slint_get_ComplexTextVTable'
/usr/x86_64-w64-mingw32/bin/ld: CMakeFiles/taalcha.dir/slint_generated_app_1.cpp.obj:slint_generated_app_1.cpp:(.text+0x3b2d5): undefined reference to `__imp_slint_get_ComplexTextVTable'
/usr/x86_64-w64-mingw32/bin/ld: CMakeFiles/taalcha.dir/slint_generated_app_1.cpp.obj:slint_generated_app_1.cpp:(.text+0x3b392): undefined reference to `__imp_slint_get_ComplexTextVTable'
/usr/x86_64-w64-mingw32/bin/ld: CMakeFiles/taalcha.dir/slint_generated_app_1.cpp.obj:slint_generated_app_1.cpp:(.text+0x3b629): undefined reference to `__imp_slint_get_ComplexTextVTable'
/usr/x86_64-w64-mingw32/bin/ld: CMakeFiles/taalcha.dir/slint_generated_app_1.cpp.obj:slint_generated_app_1.cpp:(.text+0x3b6e6): more undefined references to `__imp_slint_get_ComplexTextVTable' follow
/usr/x86_64-w64-mingw32/bin/ld: CMakeFiles/taalcha.dir/slint_generated_app_1.cpp.obj:slint_generated_app_1.cpp:(.text+0x3d67b): undefined reference to `__imp_slint_get_SimpleTextVTable'
/usr/x86_64-w64-mingw32/bin/ld: CMakeFiles/taalcha.dir/slint_generated_app_1.cpp.obj:slint_generated_app_1.cpp:(.text+0x3d777): undefined reference to `__imp_slint_get_SimpleTextVTable'
/usr/x86_64-w64-mingw32/bin/ld: CMakeFiles/taalcha.dir/slint_generated_app_1.cpp.obj:slint_generated_app_1.cpp:(.text+0x3d873): undefined reference to `__imp_slint_get_SimpleTextVTable'
/usr/x86_64-w64-mingw32/bin/ld: CMakeFiles/taalcha.dir/slint_generated_app_1.cpp.obj:slint_generated_app_1.cpp:(.text+0x3d96f): undefined reference to `__imp_slint_get_SimpleTextVTable'
/usr/x86_64-w64-mingw32/bin/ld: CMakeFiles/taalcha.dir/slint_generated_app_1.cpp.obj:slint_generated_app_1.cpp:(.text+0x3df74): undefined reference to `__imp_slint_get_SimpleTextVTable'
/usr/x86_64-w64-mingw32/bin/ld: CMakeFiles/taalcha.dir/slint_generated_app_1.cpp.obj:slint_generated_app_1.cpp:(.text+0x3e011): more undefined references to `__imp_slint_get_SimpleTextVTable' follow
/usr/x86_64-w64-mingw32/bin/ld: CMakeFiles/taalcha.dir/slint_generated_app_1.cpp.obj:slint_generated_app_1.cpp:(.text+0x3f5a0): undefined reference to `__imp_slint_get_ImageItemVTable'
/usr/x86_64-w64-mingw32/bin/ld: CMakeFiles/taalcha.dir/slint_generated_app_1.cpp.obj:slint_generated_app_1.cpp:(.text+0x3f7e0): undefined reference to `__imp_slint_get_ImageItemVTable'
/usr/x86_64-w64-mingw32/bin/ld: CMakeFiles/taalcha.dir/slint_generated_app_1.cpp.obj:slint_generated_app_1.cpp:(.text+0x40082): undefined reference to `__imp_slint_get_ImageItemVTable'
/usr/x86_64-w64-mingw32/bin/ld: CMakeFiles/taalcha.dir/slint_generated_app_1.cpp.obj:slint_generated_app_1.cpp:(.text+0x40a17): undefined reference to `__imp_slint_get_RectangleVTable'
/usr/x86_64-w64-mingw32/bin/ld: CMakeFiles/taalcha.dir/slint_generated_app_1.cpp.obj:slint_generated_app_1.cpp:(.text+0x40ab1): undefined reference to `__imp_slint_get_RectangleVTable'
/usr/x86_64-w64-mingw32/bin/ld: CMakeFiles/taalcha.dir/slint_generated_app_1.cpp.obj:slint_generated_app_1.cpp:(.text+0x412ea): undefined reference to `__imp_slint_get_RectangleVTable'
/usr/x86_64-w64-mingw32/bin/ld: CMakeFiles/taalcha.dir/slint_generated_app_1.cpp.obj:slint_generated_app_1.cpp:(.text+0x41e84): undefined reference to `__imp_slint_get_SimpleTextVTable'
/usr/x86_64-w64-mingw32/bin/ld: CMakeFiles/taalcha.dir/slint_generated_app_1.cpp.obj:slint_generated_app_1.cpp:(.text+0x41fd7): undefined reference to `__imp_slint_get_SimpleTextVTable'
/usr/x86_64-w64-mingw32/bin/ld: CMakeFiles/taalcha.dir/slint_generated_app_1.cpp.obj:slint_generated_app_1.cpp:(.text+0x427f4): undefined reference to `__imp_slint_get_ImageItemVTable'
/usr/x86_64-w64-mingw32/bin/ld: CMakeFiles/taalcha.dir/slint_generated_app_1.cpp.obj:slint_generated_app_1.cpp:(.text+0x428f2): undefined reference to `__imp_slint_get_ImageItemVTable'
/usr/x86_64-w64-mingw32/bin/ld: CMakeFiles/taalcha.dir/slint_generated_app_1.cpp.obj:slint_generated_app_1.cpp:(.text+0x431ba): undefined reference to `__imp_slint_get_SimpleTextVTable'
/usr/x86_64-w64-mingw32/bin/ld: CMakeFiles/taalcha.dir/slint_generated_app_1.cpp.obj:slint_generated_app_1.cpp:(.text+0x432b1): undefined reference to `__imp_slint_get_SimpleTextVTable'
/usr/x86_64-w64-mingw32/bin/ld: CMakeFiles/taalcha.dir/slint_generated_app_1.cpp.obj:slint_generated_app_1.cpp:(.text+0x43bc0): undefined reference to `__imp_slint_get_SimpleTextVTable'
/usr/x86_64-w64-mingw32/bin/ld: CMakeFiles/taalcha.dir/slint_generated_app_1.cpp.obj:slint_generated_app_1.cpp:(.text+0x43cb7): undefined reference to `__imp_slint_get_SimpleTextVTable'
/usr/x86_64-w64-mingw32/bin/ld: CMakeFiles/taalcha.dir/slint_generated_app_1.cpp.obj:slint_generated_app_1.cpp:(.text+0x443d6): undefined reference to `__imp_slint_get_SimpleTextVTable'
/usr/x86_64-w64-mingw32/bin/ld: CMakeFiles/taalcha.dir/slint_generated_app_1.cpp.obj:slint_generated_app_1.cpp:(.text+0x444dc): more undefined references to `__imp_slint_get_SimpleTextVTable' follow
/usr/x86_64-w64-mingw32/bin/ld: CMakeFiles/taalcha.dir/slint_generated_app_1.cpp.obj:slint_generated_app_1.cpp:(.text+0x4cde0): undefined reference to `__imp_slint_get_EmptyVTable'
/usr/x86_64-w64-mingw32/bin/ld: CMakeFiles/taalcha.dir/slint_generated_app_1.cpp.obj:slint_generated_app_1.cpp:(.text+0x4cdf0): undefined reference to `__imp_slint_get_EmptyVTable'
/usr/x86_64-w64-mingw32/bin/ld: CMakeFiles/taalcha.dir/slint_generated_app_1.cpp.obj:slint_generated_app_1.cpp:(.text+0x4ce00): undefined reference to `__imp_slint_get_BasicBorderRectangleVTable'
/usr/x86_64-w64-mingw32/bin/ld: CMakeFiles/taalcha.dir/slint_generated_app_1.cpp.obj:slint_generated_app_1.cpp:(.text+0x4ce10): undefined reference to `__imp_slint_get_ClipVTable'
/usr/x86_64-w64-mingw32/bin/ld: CMakeFiles/taalcha.dir/slint_generated_app_1.cpp.obj:slint_generated_app_1.cpp:(.text+0x4ce20): undefined reference to `__imp_slint_get_TouchAreaVTable'
/usr/x86_64-w64-mingw32/bin/ld: CMakeFiles/taalcha.dir/slint_generated_app_1.cpp.obj:slint_generated_app_1.cpp:(.text+0x4ce30): undefined reference to `__imp_slint_get_EmptyVTable'
/usr/x86_64-w64-mingw32/bin/ld: CMakeFiles/taalcha.dir/slint_generated_app_1.cpp.obj:slint_generated_app_1.cpp:(.text+0x4ce40): undefined reference to `__imp_slint_get_OpacityVTable'
/usr/x86_64-w64-mingw32/bin/ld: CMakeFiles/taalcha.dir/slint_generated_app_1.cpp.obj:slint_generated_app_1.cpp:(.text+0x4ce50): undefined reference to `__imp_slint_get_SimpleTextVTable'
/usr/x86_64-w64-mingw32/bin/ld: CMakeFiles/taalcha.dir/slint_generated_app_1.cpp.obj:slint_generated_app_1.cpp:(.text+0x4ce60): undefined reference to `__imp_slint_get_ImageItemVTable'
/usr/x86_64-w64-mingw32/bin/ld: CMakeFiles/taalcha.dir/slint_generated_app_1.cpp.obj:slint_generated_app_1.cpp:(.text+0x4ce70): undefined reference to `__imp_slint_get_SimpleTextVTable'
/usr/x86_64-w64-mingw32/bin/ld: CMakeFiles/taalcha.dir/slint_generated_app_1.cpp.obj:slint_generated_app_1.cpp:(.text+0x4d77f): undefined reference to `__imp_slint_get_KeyBindingVTable'
/usr/x86_64-w64-mingw32/bin/ld: CMakeFiles/taalcha.dir/slint_generated_app_1.cpp.obj:slint_generated_app_1.cpp:(.text+0x4d87b): undefined reference to `__imp_slint_get_KeyBindingVTable'
/usr/x86_64-w64-mingw32/bin/ld: CMakeFiles/taalcha.dir/slint_generated_app_1.cpp.obj:slint_generated_app_1.cpp:(.text+0x4d977): undefined reference to `__imp_slint_get_KeyBindingVTable'
/usr/x86_64-w64-mingw32/bin/ld: CMakeFiles/taalcha.dir/slint_generated_app_1.cpp.obj:slint_generated_app_1.cpp:(.text+0x4da73): undefined reference to `__imp_slint_get_KeyBindingVTable'
/usr/x86_64-w64-mingw32/bin/ld: CMakeFiles/taalcha.dir/slint_generated_app_1.cpp.obj:slint_generated_app_1.cpp:(.text+0x4e000): undefined reference to `__imp_slint_get_KeyBindingVTable'
/usr/x86_64-w64-mingw32/bin/ld: CMakeFiles/taalcha.dir/slint_generated_app_1.cpp.obj:slint_generated_app_1.cpp:(.text+0x4e09d): more undefined references to `__imp_slint_get_KeyBindingVTable' follow
/usr/x86_64-w64-mingw32/bin/ld: CMakeFiles/taalcha.dir/slint_generated_app_1.cpp.obj:slint_generated_app_1.cpp:(.text+0x500e4): undefined reference to `__imp_slint_get_WindowItemVTable'
/usr/x86_64-w64-mingw32/bin/ld: CMakeFiles/taalcha.dir/slint_generated_app_1.cpp.obj:slint_generated_app_1.cpp:(.text+0x525b2): undefined reference to `__imp_slint_get_WindowItemVTable'
/usr/x86_64-w64-mingw32/bin/ld: CMakeFiles/taalcha.dir/slint_generated_app_1.cpp.obj:slint_generated_app_1.cpp:(.text+0x53232): undefined reference to `__imp_slint_get_WindowItemVTable'
/usr/x86_64-w64-mingw32/bin/ld: CMakeFiles/taalcha.dir/slint_generated_app_1.cpp.obj:slint_generated_app_1.cpp:(.text+0x53242): undefined reference to `__imp_slint_get_FocusScopeVTable'
/usr/x86_64-w64-mingw32/bin/ld: CMakeFiles/taalcha.dir/slint_generated_app_1.cpp.obj:slint_generated_app_1.cpp:(.text+0x53252): undefined reference to `__imp_slint_get_ContextMenuVTable'
/usr/x86_64-w64-mingw32/bin/ld: CMakeFiles/taalcha.dir/slint_generated_app_1.cpp.obj:slint_generated_app_1.cpp:(.text+0x53262): undefined reference to `__imp_slint_get_BoxShadowVTable'
/usr/x86_64-w64-mingw32/bin/ld: CMakeFiles/taalcha.dir/slint_generated_app_1.cpp.obj:slint_generated_app_1.cpp:(.text+0x53272): undefined reference to `__imp_slint_get_BasicBorderRectangleVTable'
/usr/x86_64-w64-mingw32/bin/ld: CMakeFiles/taalcha.dir/slint_generated_app_1.cpp.obj:slint_generated_app_1.cpp:(.text+0x53282): undefined reference to `__imp_slint_get_ClipVTable'
/usr/x86_64-w64-mingw32/bin/ld: CMakeFiles/taalcha.dir/slint_generated_app_1.cpp.obj:slint_generated_app_1.cpp:(.text+0x54686): undefined reference to `__imp_slint_get_RectangleVTable'
/usr/x86_64-w64-mingw32/bin/ld: CMakeFiles/taalcha.dir/slint_generated_app_1.cpp.obj:slint_generated_app_1.cpp:(.text+0x54723): undefined reference to `__imp_slint_get_RectangleVTable'
/usr/x86_64-w64-mingw32/bin/ld: CMakeFiles/taalcha.dir/slint_generated_app_1.cpp.obj:slint_generated_app_1.cpp:(.text+0x55248): undefined reference to `__imp_slint_get_RectangleVTable'
/usr/x86_64-w64-mingw32/bin/ld: CMakeFiles/taalcha.dir/slint_generated_app_1.cpp.obj:slint_generated_app_1.cpp:(.text+0x55258): undefined reference to `__imp_slint_get_EmptyVTable'
/usr/x86_64-w64-mingw32/bin/ld: CMakeFiles/taalcha.dir/slint_generated_app_1.cpp.obj:slint_generated_app_1.cpp:(.text+0x55268): undefined reference to `__imp_slint_get_BoxShadowVTable'
/usr/x86_64-w64-mingw32/bin/ld: CMakeFiles/taalcha.dir/slint_generated_app_1.cpp.obj:slint_generated_app_1.cpp:(.text+0x55278): undefined reference to `__imp_slint_get_BasicBorderRectangleVTable'
/usr/x86_64-w64-mingw32/bin/ld: CMakeFiles/taalcha.dir/slint_generated_app_1.cpp.obj:slint_generated_app_1.cpp:(.text+0x55288): undefined reference to `__imp_slint_get_EmptyVTable'
/usr/x86_64-w64-mingw32/bin/ld: CMakeFiles/taalcha.dir/slint_generated_app_1.cpp.obj:slint_generated_app_1.cpp:(.text+0x55298): undefined reference to `__imp_slint_get_EmptyVTable'
/usr/x86_64-w64-mingw32/bin/ld: CMakeFiles/taalcha.dir/slint_generated_app_1.cpp.obj:slint_generated_app_1.cpp:(.text+0x552a8): undefined reference to `__imp_slint_get_EmptyVTable'
/usr/x86_64-w64-mingw32/bin/ld: CMakeFiles/taalcha.dir/slint_generated_app_1.cpp.obj:slint_generated_app_1.cpp:(.text+0x552b8): undefined reference to `__imp_slint_get_ClipVTable'
/usr/x86_64-w64-mingw32/bin/ld: CMakeFiles/taalcha.dir/slint_generated_app_1.cpp.obj:slint_generated_app_1.cpp:(.text+0x552c8): undefined reference to `__imp_slint_get_EmptyVTable'
/usr/x86_64-w64-mingw32/bin/ld: CMakeFiles/taalcha.dir/slint_generated_app_1.cpp.obj:slint_generated_app_1.cpp:(.text+0x552d8): undefined reference to `__imp_slint_get_BasicBorderRectangleVTable'
/usr/x86_64-w64-mingw32/bin/ld: CMakeFiles/taalcha.dir/slint_generated_app_1.cpp.obj:slint_generated_app_1.cpp:(.text+0x552e8): undefined reference to `__imp_slint_get_SimpleTextVTable'
/usr/x86_64-w64-mingw32/bin/ld: CMakeFiles/taalcha.dir/slint_generated_app_1.cpp.obj:slint_generated_app_1.cpp:(.text+0x552f8): undefined reference to `__imp_slint_get_SimpleTextVTable'
/usr/x86_64-w64-mingw32/bin/ld: CMakeFiles/taalcha.dir/slint_generated_app_1.cpp.obj:slint_generated_app_1.cpp:(.text+0x55308): undefined reference to `__imp_slint_get_SimpleTextVTable'
/usr/x86_64-w64-mingw32/bin/ld: CMakeFiles/taalcha.dir/slint_generated_app_1.cpp.obj:slint_generated_app_1.cpp:(.text+0x55318): undefined reference to `__imp_slint_get_BasicBorderRectangleVTable'
/usr/x86_64-w64-mingw32/bin/ld: CMakeFiles/taalcha.dir/slint_generated_app_1.cpp.obj:slint_generated_app_1.cpp:(.text+0x55328): undefined reference to `__imp_slint_get_EmptyVTable'
/usr/x86_64-w64-mingw32/bin/ld: CMakeFiles/taalcha.dir/slint_generated_app_1.cpp.obj:slint_generated_app_1.cpp:(.text+0x55338): undefined reference to `__imp_slint_get_BasicBorderRectangleVTable'
/usr/x86_64-w64-mingw32/bin/ld: CMakeFiles/taalcha.dir/slint_generated_app_1.cpp.obj:slint_generated_app_1.cpp:(.text+0x55348): undefined reference to `__imp_slint_get_ClipVTable'
/usr/x86_64-w64-mingw32/bin/ld: CMakeFiles/taalcha.dir/slint_generated_app_1.cpp.obj:slint_generated_app_1.cpp:(.text+0x55358): undefined reference to `__imp_slint_get_ComplexTextVTable'
/usr/x86_64-w64-mingw32/bin/ld: CMakeFiles/taalcha.dir/slint_generated_app_1.cpp.obj:slint_generated_app_1.cpp:(.text+0x55368): undefined reference to `__imp_slint_get_ContextMenuVTable'
/usr/x86_64-w64-mingw32/bin/ld: CMakeFiles/taalcha.dir/slint_generated_app_1.cpp.obj:slint_generated_app_1.cpp:(.text+0x55378): undefined reference to `__imp_slint_get_TextInputVTable'
/usr/x86_64-w64-mingw32/bin/ld: CMakeFiles/taalcha.dir/slint_generated_app_1.cpp.obj:slint_generated_app_1.cpp:(.text+0x55388): undefined reference to `__imp_slint_get_EmptyVTable'
/usr/x86_64-w64-mingw32/bin/ld: CMakeFiles/taalcha.dir/slint_generated_app_1.cpp.obj:slint_generated_app_1.cpp:(.text+0x55398): undefined reference to `__imp_slint_get_BasicBorderRectangleVTable'
/usr/x86_64-w64-mingw32/bin/ld: CMakeFiles/taalcha.dir/slint_generated_app_1.cpp.obj:slint_generated_app_1.cpp:(.text+0x553a8): undefined reference to `__imp_slint_get_EmptyVTable'
/usr/x86_64-w64-mingw32/bin/ld: CMakeFiles/taalcha.dir/slint_generated_app_1.cpp.obj:slint_generated_app_1.cpp:(.text+0x553b8): undefined reference to `__imp_slint_get_BasicBorderRectangleVTable'
/usr/x86_64-w64-mingw32/bin/ld: CMakeFiles/taalcha.dir/slint_generated_app_1.cpp.obj:slint_generated_app_1.cpp:(.text+0x553c8): undefined reference to `__imp_slint_get_ClipVTable'
/usr/x86_64-w64-mingw32/bin/ld: CMakeFiles/taalcha.dir/slint_generated_app_1.cpp.obj:slint_generated_app_1.cpp:(.text+0x553d8): undefined reference to `__imp_slint_get_ComplexTextVTable'
/usr/x86_64-w64-mingw32/bin/ld: CMakeFiles/taalcha.dir/slint_generated_app_1.cpp.obj:slint_generated_app_1.cpp:(.text+0x553e8): undefined reference to `__imp_slint_get_ContextMenuVTable'
/usr/x86_64-w64-mingw32/bin/ld: CMakeFiles/taalcha.dir/slint_generated_app_1.cpp.obj:slint_generated_app_1.cpp:(.text+0x553f8): undefined reference to `__imp_slint_get_TextInputVTable'
/usr/x86_64-w64-mingw32/bin/ld: CMakeFiles/taalcha.dir/slint_generated_app_1.cpp.obj:slint_generated_app_1.cpp:(.text+0x55408): undefined reference to `__imp_slint_get_TouchAreaVTable'
/usr/x86_64-w64-mingw32/bin/ld: CMakeFiles/taalcha.dir/slint_generated_app_1.cpp.obj:slint_generated_app_1.cpp:(.text+0x55418): undefined reference to `__imp_slint_get_BasicBorderRectangleVTable'
/usr/x86_64-w64-mingw32/bin/ld: CMakeFiles/taalcha.dir/slint_generated_app_1.cpp.obj:slint_generated_app_1.cpp:(.text+0x55428): undefined reference to `__imp_slint_get_SimpleTextVTable'
/usr/x86_64-w64-mingw32/bin/ld: CMakeFiles/taalcha.dir/slint_generated_app_1.cpp.obj:slint_generated_app_1.cpp:(.text+0x5672e): undefined reference to `__imp_slint_get_RectangleVTable'
/usr/x86_64-w64-mingw32/bin/ld: CMakeFiles/taalcha.dir/slint_generated_app_1.cpp.obj:slint_generated_app_1.cpp:(.text+0x567cb): undefined reference to `__imp_slint_get_RectangleVTable'
/usr/x86_64-w64-mingw32/bin/ld: CMakeFiles/taalcha.dir/slint_generated_app_1.cpp.obj:slint_generated_app_1.cpp:(.text+0x572f4): undefined reference to `__imp_slint_get_RectangleVTable'
/usr/x86_64-w64-mingw32/bin/ld: CMakeFiles/taalcha.dir/slint_generated_app_1.cpp.obj:slint_generated_app_1.cpp:(.text+0x57304): undefined reference to `__imp_slint_get_EmptyVTable'
/usr/x86_64-w64-mingw32/bin/ld: CMakeFiles/taalcha.dir/slint_generated_app_1.cpp.obj:slint_generated_app_1.cpp:(.text+0x57314): undefined reference to `__imp_slint_get_BoxShadowVTable'
/usr/x86_64-w64-mingw32/bin/ld: CMakeFiles/taalcha.dir/slint_generated_app_1.cpp.obj:slint_generated_app_1.cpp:(.text+0x57324): undefined reference to `__imp_slint_get_BasicBorderRectangleVTable'
/usr/x86_64-w64-mingw32/bin/ld: CMakeFiles/taalcha.dir/slint_generated_app_1.cpp.obj:slint_generated_app_1.cpp:(.text+0x57334): undefined reference to `__imp_slint_get_EmptyVTable'
/usr/x86_64-w64-mingw32/bin/ld: CMakeFiles/taalcha.dir/slint_generated_app_1.cpp.obj:slint_generated_app_1.cpp:(.text+0x57344): undefined reference to `__imp_slint_get_EmptyVTable'
/usr/x86_64-w64-mingw32/bin/ld: CMakeFiles/taalcha.dir/slint_generated_app_1.cpp.obj:slint_generated_app_1.cpp:(.text+0x57354): undefined reference to `__imp_slint_get_EmptyVTable'
/usr/x86_64-w64-mingw32/bin/ld: CMakeFiles/taalcha.dir/slint_generated_app_1.cpp.obj:slint_generated_app_1.cpp:(.text+0x57364): undefined reference to `__imp_slint_get_ClipVTable'
/usr/x86_64-w64-mingw32/bin/ld: CMakeFiles/taalcha.dir/slint_generated_app_1.cpp.obj:slint_generated_app_1.cpp:(.text+0x57374): undefined reference to `__imp_slint_get_EmptyVTable'
/usr/x86_64-w64-mingw32/bin/ld: CMakeFiles/taalcha.dir/slint_generated_app_1.cpp.obj:slint_generated_app_1.cpp:(.text+0x57384): undefined reference to `__imp_slint_get_BasicBorderRectangleVTable'
/usr/x86_64-w64-mingw32/bin/ld: CMakeFiles/taalcha.dir/slint_generated_app_1.cpp.obj:slint_generated_app_1.cpp:(.text+0x57394): undefined reference to `__imp_slint_get_SimpleTextVTable'
/usr/x86_64-w64-mingw32/bin/ld: CMakeFiles/taalcha.dir/slint_generated_app_1.cpp.obj:slint_generated_app_1.cpp:(.text+0x573a4): undefined reference to `__imp_slint_get_SimpleTextVTable'
/usr/x86_64-w64-mingw32/bin/ld: CMakeFiles/taalcha.dir/slint_generated_app_1.cpp.obj:slint_generated_app_1.cpp:(.text+0x573b4): undefined reference to `__imp_slint_get_SimpleTextVTable'
/usr/x86_64-w64-mingw32/bin/ld: CMakeFiles/taalcha.dir/slint_generated_app_1.cpp.obj:slint_generated_app_1.cpp:(.text+0x573c4): undefined reference to `__imp_slint_get_BasicBorderRectangleVTable'
/usr/x86_64-w64-mingw32/bin/ld: CMakeFiles/taalcha.dir/slint_generated_app_1.cpp.obj:slint_generated_app_1.cpp:(.text+0x573d4): undefined reference to `__imp_slint_get_EmptyVTable'
/usr/x86_64-w64-mingw32/bin/ld: CMakeFiles/taalcha.dir/slint_generated_app_1.cpp.obj:slint_generated_app_1.cpp:(.text+0x573e4): undefined reference to `__imp_slint_get_BasicBorderRectangleVTable'
/usr/x86_64-w64-mingw32/bin/ld: CMakeFiles/taalcha.dir/slint_generated_app_1.cpp.obj:slint_generated_app_1.cpp:(.text+0x573f4): undefined reference to `__imp_slint_get_ClipVTable'
/usr/x86_64-w64-mingw32/bin/ld: CMakeFiles/taalcha.dir/slint_generated_app_1.cpp.obj:slint_generated_app_1.cpp:(.text+0x57404): undefined reference to `__imp_slint_get_ComplexTextVTable'
/usr/x86_64-w64-mingw32/bin/ld: CMakeFiles/taalcha.dir/slint_generated_app_1.cpp.obj:slint_generated_app_1.cpp:(.text+0x57414): undefined reference to `__imp_slint_get_ContextMenuVTable'
/usr/x86_64-w64-mingw32/bin/ld: CMakeFiles/taalcha.dir/slint_generated_app_1.cpp.obj:slint_generated_app_1.cpp:(.text+0x57424): undefined reference to `__imp_slint_get_TextInputVTable'
/usr/x86_64-w64-mingw32/bin/ld: CMakeFiles/taalcha.dir/slint_generated_app_1.cpp.obj:slint_generated_app_1.cpp:(.text+0x57434): undefined reference to `__imp_slint_get_EmptyVTable'
/usr/x86_64-w64-mingw32/bin/ld: CMakeFiles/taalcha.dir/slint_generated_app_1.cpp.obj:slint_generated_app_1.cpp:(.text+0x57444): undefined reference to `__imp_slint_get_BasicBorderRectangleVTable'
/usr/x86_64-w64-mingw32/bin/ld: CMakeFiles/taalcha.dir/slint_generated_app_1.cpp.obj:slint_generated_app_1.cpp:(.text+0x57454): undefined reference to `__imp_slint_get_EmptyVTable'
/usr/x86_64-w64-mingw32/bin/ld: CMakeFiles/taalcha.dir/slint_generated_app_1.cpp.obj:slint_generated_app_1.cpp:(.text+0x57464): undefined reference to `__imp_slint_get_BasicBorderRectangleVTable'
/usr/x86_64-w64-mingw32/bin/ld: CMakeFiles/taalcha.dir/slint_generated_app_1.cpp.obj:slint_generated_app_1.cpp:(.text+0x57474): undefined reference to `__imp_slint_get_ClipVTable'
/usr/x86_64-w64-mingw32/bin/ld: CMakeFiles/taalcha.dir/slint_generated_app_1.cpp.obj:slint_generated_app_1.cpp:(.text+0x57484): undefined reference to `__imp_slint_get_ComplexTextVTable'
/usr/x86_64-w64-mingw32/bin/ld: CMakeFiles/taalcha.dir/slint_generated_app_1.cpp.obj:slint_generated_app_1.cpp:(.text+0x57494): undefined reference to `__imp_slint_get_ContextMenuVTable'
/usr/x86_64-w64-mingw32/bin/ld: CMakeFiles/taalcha.dir/slint_generated_app_1.cpp.obj:slint_generated_app_1.cpp:(.text+0x574a4): undefined reference to `__imp_slint_get_TextInputVTable'
/usr/x86_64-w64-mingw32/bin/ld: CMakeFiles/taalcha.dir/slint_generated_app_1.cpp.obj:slint_generated_app_1.cpp:(.text+0x574b4): undefined reference to `__imp_slint_get_TouchAreaVTable'
/usr/x86_64-w64-mingw32/bin/ld: CMakeFiles/taalcha.dir/slint_generated_app_1.cpp.obj:slint_generated_app_1.cpp:(.text+0x574c4): undefined reference to `__imp_slint_get_BasicBorderRectangleVTable'
/usr/x86_64-w64-mingw32/bin/ld: CMakeFiles/taalcha.dir/slint_generated_app_1.cpp.obj:slint_generated_app_1.cpp:(.text+0x574d4): undefined reference to `__imp_slint_get_SimpleTextVTable'
/usr/x86_64-w64-mingw32/bin/ld: CMakeFiles/taalcha.dir/slint_generated_app_1.cpp.obj:slint_generated_app_1.cpp:(.text+0x5aeb8): undefined reference to `__imp_slint_get_SimpleTextVTable'
/usr/x86_64-w64-mingw32/bin/ld: CMakeFiles/taalcha.dir/slint_generated_app_1.cpp.obj:slint_generated_app_1.cpp:(.text+0x5b0e4): undefined reference to `__imp_slint_get_SimpleTextVTable'
/usr/x86_64-w64-mingw32/bin/ld: CMakeFiles/taalcha.dir/slint_generated_app_1.cpp.obj:slint_generated_app_1.cpp:(.text+0x5b25e): undefined reference to `__imp_slint_get_SimpleTextVTable'
/usr/x86_64-w64-mingw32/bin/ld: CMakeFiles/taalcha.dir/slint_generated_app_1.cpp.obj:slint_generated_app_1.cpp:(.text+0x5b35c): undefined reference to `__imp_slint_get_SimpleTextVTable'
/usr/x86_64-w64-mingw32/bin/ld: CMakeFiles/taalcha.dir/slint_generated_app_1.cpp.obj:slint_generated_app_1.cpp:(.text+0x5b45a): more undefined references to `__imp_slint_get_SimpleTextVTable' follow
/usr/x86_64-w64-mingw32/bin/ld: CMakeFiles/taalcha.dir/slint_generated_app_1.cpp.obj:slint_generated_app_1.cpp:(.text+0x5f0f2): undefined reference to `__imp_slint_get_EmptyVTable'
/usr/x86_64-w64-mingw32/bin/ld: CMakeFiles/taalcha.dir/slint_generated_app_1.cpp.obj:slint_generated_app_1.cpp:(.text+0x5f102): undefined reference to `__imp_slint_get_EmptyVTable'
/usr/x86_64-w64-mingw32/bin/ld: CMakeFiles/taalcha.dir/slint_generated_app_1.cpp.obj:slint_generated_app_1.cpp:(.text+0x5f112): undefined reference to `__imp_slint_get_EmptyVTable'
/usr/x86_64-w64-mingw32/bin/ld: CMakeFiles/taalcha.dir/slint_generated_app_1.cpp.obj:slint_generated_app_1.cpp:(.text+0x5f122): undefined reference to `__imp_slint_get_EmptyVTable'
/usr/x86_64-w64-mingw32/bin/ld: CMakeFiles/taalcha.dir/slint_generated_app_1.cpp.obj:slint_generated_app_1.cpp:(.text+0x5f132): undefined reference to `__imp_slint_get_EmptyVTable'
/usr/x86_64-w64-mingw32/bin/ld: CMakeFiles/taalcha.dir/slint_generated_app_1.cpp.obj:slint_generated_app_1.cpp:(.text+0x5f142): undefined reference to `__imp_slint_get_BasicBorderRectangleVTable'
/usr/x86_64-w64-mingw32/bin/ld: CMakeFiles/taalcha.dir/slint_generated_app_1.cpp.obj:slint_generated_app_1.cpp:(.text+0x5f152): undefined reference to `__imp_slint_get_EmptyVTable'
/usr/x86_64-w64-mingw32/bin/ld: CMakeFiles/taalcha.dir/slint_generated_app_1.cpp.obj:slint_generated_app_1.cpp:(.text+0x5f162): undefined reference to `__imp_slint_get_BasicBorderRectangleVTable'
/usr/x86_64-w64-mingw32/bin/ld: CMakeFiles/taalcha.dir/slint_generated_app_1.cpp.obj:slint_generated_app_1.cpp:(.text+0x5f172): undefined reference to `__imp_slint_get_ClipVTable'
/usr/x86_64-w64-mingw32/bin/ld: CMakeFiles/taalcha.dir/slint_generated_app_1.cpp.obj:slint_generated_app_1.cpp:(.text+0x5f182): undefined reference to `__imp_slint_get_ComplexTextVTable'
/usr/x86_64-w64-mingw32/bin/ld: CMakeFiles/taalcha.dir/slint_generated_app_1.cpp.obj:slint_generated_app_1.cpp:(.text+0x5f192): undefined reference to `__imp_slint_get_ContextMenuVTable'
/usr/x86_64-w64-mingw32/bin/ld: CMakeFiles/taalcha.dir/slint_generated_app_1.cpp.obj:slint_generated_app_1.cpp:(.text+0x5f1a2): undefined reference to `__imp_slint_get_TextInputVTable'
/usr/x86_64-w64-mingw32/bin/ld: CMakeFiles/taalcha.dir/slint_generated_app_1.cpp.obj:slint_generated_app_1.cpp:(.text+0x5f1b2): undefined reference to `__imp_slint_get_EmptyVTable'
/usr/x86_64-w64-mingw32/bin/ld: CMakeFiles/taalcha.dir/slint_generated_app_1.cpp.obj:slint_generated_app_1.cpp:(.text+0x5f1c2): undefined reference to `__imp_slint_get_TouchAreaVTable'
/usr/x86_64-w64-mingw32/bin/ld: CMakeFiles/taalcha.dir/slint_generated_app_1.cpp.obj:slint_generated_app_1.cpp:(.text+0x5f1d2): undefined reference to `__imp_slint_get_BasicBorderRectangleVTable'
/usr/x86_64-w64-mingw32/bin/ld: CMakeFiles/taalcha.dir/slint_generated_app_1.cpp.obj:slint_generated_app_1.cpp:(.text+0x5f1e2): undefined reference to `__imp_slint_get_EmptyVTable'
/usr/x86_64-w64-mingw32/bin/ld: CMakeFiles/taalcha.dir/slint_generated_app_1.cpp.obj:slint_generated_app_1.cpp:(.text+0x5f1f2): undefined reference to `__imp_slint_get_BasicBorderRectangleVTable'
/usr/x86_64-w64-mingw32/bin/ld: CMakeFiles/taalcha.dir/slint_generated_app_1.cpp.obj:slint_generated_app_1.cpp:(.text+0x5f202): undefined reference to `__imp_slint_get_ClipVTable'
/usr/x86_64-w64-mingw32/bin/ld: CMakeFiles/taalcha.dir/slint_generated_app_1.cpp.obj:slint_generated_app_1.cpp:(.text+0x5f212): undefined reference to `__imp_slint_get_ComplexTextVTable'
/usr/x86_64-w64-mingw32/bin/ld: CMakeFiles/taalcha.dir/slint_generated_app_1.cpp.obj:slint_generated_app_1.cpp:(.text+0x5f222): undefined reference to `__imp_slint_get_ContextMenuVTable'
/usr/x86_64-w64-mingw32/bin/ld: CMakeFiles/taalcha.dir/slint_generated_app_1.cpp.obj:slint_generated_app_1.cpp:(.text+0x5f232): undefined reference to `__imp_slint_get_TextInputVTable'
/usr/x86_64-w64-mingw32/bin/ld: CMakeFiles/taalcha.dir/slint_generated_app_1.cpp.obj:slint_generated_app_1.cpp:(.text+0x5f242): undefined reference to `__imp_slint_get_BasicBorderRectangleVTable'
/usr/x86_64-w64-mingw32/bin/ld: CMakeFiles/taalcha.dir/slint_generated_app_1.cpp.obj:slint_generated_app_1.cpp:(.text+0x5f252): undefined reference to `__imp_slint_get_SimpleTextVTable'
/usr/x86_64-w64-mingw32/bin/ld: CMakeFiles/taalcha.dir/slint_generated_app_1.cpp.obj:slint_generated_app_1.cpp:(.text+0x5f262): undefined reference to `__imp_slint_get_BasicBorderRectangleVTable'
/usr/x86_64-w64-mingw32/bin/ld: CMakeFiles/taalcha.dir/slint_generated_app_1.cpp.obj:slint_generated_app_1.cpp:(.text+0x5f272): undefined reference to `__imp_slint_get_EmptyVTable'
/usr/x86_64-w64-mingw32/bin/ld: CMakeFiles/taalcha.dir/slint_generated_app_1.cpp.obj:slint_generated_app_1.cpp:(.text+0x5f282): undefined reference to `__imp_slint_get_BasicBorderRectangleVTable'
/usr/x86_64-w64-mingw32/bin/ld: CMakeFiles/taalcha.dir/slint_generated_app_1.cpp.obj:slint_generated_app_1.cpp:(.text+0x5f292): undefined reference to `__imp_slint_get_ClipVTable'
/usr/x86_64-w64-mingw32/bin/ld: CMakeFiles/taalcha.dir/slint_generated_app_1.cpp.obj:slint_generated_app_1.cpp:(.text+0x5f2a2): undefined reference to `__imp_slint_get_ComplexTextVTable'
/usr/x86_64-w64-mingw32/bin/ld: CMakeFiles/taalcha.dir/slint_generated_app_1.cpp.obj:slint_generated_app_1.cpp:(.text+0x5f2b2): undefined reference to `__imp_slint_get_ContextMenuVTable'
/usr/x86_64-w64-mingw32/bin/ld: CMakeFiles/taalcha.dir/slint_generated_app_1.cpp.obj:slint_generated_app_1.cpp:(.text+0x5f2c2): undefined reference to `__imp_slint_get_TextInputVTable'
/usr/x86_64-w64-mingw32/bin/ld: CMakeFiles/taalcha.dir/slint_generated_app_1.cpp.obj:slint_generated_app_1.cpp:(.text+0x5f2d2): undefined reference to `__imp_slint_get_TouchAreaVTable'
/usr/x86_64-w64-mingw32/bin/ld: CMakeFiles/taalcha.dir/slint_generated_app_1.cpp.obj:slint_generated_app_1.cpp:(.text+0x5f2e2): undefined reference to `__imp_slint_get_BasicBorderRectangleVTable'
/usr/x86_64-w64-mingw32/bin/ld: CMakeFiles/taalcha.dir/slint_generated_app_1.cpp.obj:slint_generated_app_1.cpp:(.text+0x5f2f2): undefined reference to `__imp_slint_get_SimpleTextVTable'
/usr/x86_64-w64-mingw32/bin/ld: CMakeFiles/taalcha.dir/slint_generated_app_1.cpp.obj:slint_generated_app_1.cpp:(.text+0x62c10): undefined reference to `__imp_slint_get_EmptyVTable'
/usr/x86_64-w64-mingw32/bin/ld: CMakeFiles/taalcha.dir/slint_generated_app_1.cpp.obj:slint_generated_app_1.cpp:(.text+0x62c20): undefined reference to `__imp_slint_get_EmptyVTable'
/usr/x86_64-w64-mingw32/bin/ld: CMakeFiles/taalcha.dir/slint_generated_app_1.cpp.obj:slint_generated_app_1.cpp:(.text+0x62c30): undefined reference to `__imp_slint_get_EmptyVTable'
/usr/x86_64-w64-mingw32/bin/ld: CMakeFiles/taalcha.dir/slint_generated_app_1.cpp.obj:slint_generated_app_1.cpp:(.text+0x62c40): undefined reference to `__imp_slint_get_BasicBorderRectangleVTable'
/usr/x86_64-w64-mingw32/bin/ld: CMakeFiles/taalcha.dir/slint_generated_app_1.cpp.obj:slint_generated_app_1.cpp:(.text+0x62c50): undefined reference to `__imp_slint_get_ContextMenuVTable'
/usr/x86_64-w64-mingw32/bin/ld: CMakeFiles/taalcha.dir/slint_generated_app_1.cpp.obj:slint_generated_app_1.cpp:(.text+0x62c60): undefined reference to `__imp_slint_get_ComplexTextVTable'
/usr/x86_64-w64-mingw32/bin/ld: CMakeFiles/taalcha.dir/slint_generated_app_1.cpp.obj:slint_generated_app_1.cpp:(.text+0x62c70): undefined reference to `__imp_slint_get_BasicBorderRectangleVTable'
/usr/x86_64-w64-mingw32/bin/ld: CMakeFiles/taalcha.dir/slint_generated_app_1.cpp.obj:slint_generated_app_1.cpp:(.text+0x62c80): undefined reference to `__imp_slint_get_EmptyVTable'
/usr/x86_64-w64-mingw32/bin/ld: CMakeFiles/taalcha.dir/slint_generated_app_1.cpp.obj:slint_generated_app_1.cpp:(.text+0x62c90): undefined reference to `__imp_slint_get_FlickableVTable'
/usr/x86_64-w64-mingw32/bin/ld: CMakeFiles/taalcha.dir/slint_generated_app_1.cpp.obj:slint_generated_app_1.cpp:(.text+0x62ca0): undefined reference to `__imp_slint_get_ClipVTable'
/usr/x86_64-w64-mingw32/bin/ld: CMakeFiles/taalcha.dir/slint_generated_app_1.cpp.obj:slint_generated_app_1.cpp:(.text+0x62cb0): undefined reference to `__imp_slint_get_ClipVTable'
/usr/x86_64-w64-mingw32/bin/ld: CMakeFiles/taalcha.dir/slint_generated_app_1.cpp.obj:slint_generated_app_1.cpp:(.text+0x62cc0): undefined reference to `__imp_slint_get_EmptyVTable'
/usr/x86_64-w64-mingw32/bin/ld: CMakeFiles/taalcha.dir/slint_generated_app_1.cpp.obj:slint_generated_app_1.cpp:(.text+0x62cd0): undefined reference to `__imp_slint_get_TextInputVTable'
/usr/x86_64-w64-mingw32/bin/ld: CMakeFiles/taalcha.dir/slint_generated_app_1.cpp.obj:slint_generated_app_1.cpp:(.text+0x62ce0): undefined reference to `__imp_slint_get_BasicBorderRectangleVTable'
/usr/x86_64-w64-mingw32/bin/ld: CMakeFiles/taalcha.dir/slint_generated_app_1.cpp.obj:slint_generated_app_1.cpp:(.text+0x62cf0): undefined reference to `__imp_slint_get_ClipVTable'
/usr/x86_64-w64-mingw32/bin/ld: CMakeFiles/taalcha.dir/slint_generated_app_1.cpp.obj:slint_generated_app_1.cpp:(.text+0x62d00): undefined reference to `__imp_slint_get_BasicBorderRectangleVTable'
/usr/x86_64-w64-mingw32/bin/ld: CMakeFiles/taalcha.dir/slint_generated_app_1.cpp.obj:slint_generated_app_1.cpp:(.text+0x62d10): undefined reference to `__imp_slint_get_TouchAreaVTable'
/usr/x86_64-w64-mingw32/bin/ld: CMakeFiles/taalcha.dir/slint_generated_app_1.cpp.obj:slint_generated_app_1.cpp:(.text+0x62d20): undefined reference to `__imp_slint_get_OpacityVTable'
/usr/x86_64-w64-mingw32/bin/ld: CMakeFiles/taalcha.dir/slint_generated_app_1.cpp.obj:slint_generated_app_1.cpp:(.text+0x62d30): undefined reference to `__imp_slint_get_OpacityVTable'
/usr/x86_64-w64-mingw32/bin/ld: CMakeFiles/taalcha.dir/slint_generated_app_1.cpp.obj:slint_generated_app_1.cpp:(.text+0x62d40): undefined reference to `__imp_slint_get_TouchAreaVTable'
/usr/x86_64-w64-mingw32/bin/ld: CMakeFiles/taalcha.dir/slint_generated_app_1.cpp.obj:slint_generated_app_1.cpp:(.text+0x62d50): undefined reference to `__imp_slint_get_OpacityVTable'
/usr/x86_64-w64-mingw32/bin/ld: CMakeFiles/taalcha.dir/slint_generated_app_1.cpp.obj:slint_generated_app_1.cpp:(.text+0x62d60): undefined reference to `__imp_slint_get_ImageItemVTable'
/usr/x86_64-w64-mingw32/bin/ld: CMakeFiles/taalcha.dir/slint_generated_app_1.cpp.obj:slint_generated_app_1.cpp:(.text+0x62d70): undefined reference to `__imp_slint_get_TouchAreaVTable'
/usr/x86_64-w64-mingw32/bin/ld: CMakeFiles/taalcha.dir/slint_generated_app_1.cpp.obj:slint_generated_app_1.cpp:(.text+0x62d80): undefined reference to `__imp_slint_get_OpacityVTable'
/usr/x86_64-w64-mingw32/bin/ld: CMakeFiles/taalcha.dir/slint_generated_app_1.cpp.obj:slint_generated_app_1.cpp:(.text+0x62d90): undefined reference to `__imp_slint_get_ImageItemVTable'
/usr/x86_64-w64-mingw32/bin/ld: CMakeFiles/taalcha.dir/slint_generated_app_1.cpp.obj:slint_generated_app_1.cpp:(.text+0x62da0): undefined reference to `__imp_slint_get_BasicBorderRectangleVTable'
/usr/x86_64-w64-mingw32/bin/ld: CMakeFiles/taalcha.dir/slint_generated_app_1.cpp.obj:slint_generated_app_1.cpp:(.text+0x62db0): undefined reference to `__imp_slint_get_ClipVTable'
/usr/x86_64-w64-mingw32/bin/ld: CMakeFiles/taalcha.dir/slint_generated_app_1.cpp.obj:slint_generated_app_1.cpp:(.text+0x62dc0): undefined reference to `__imp_slint_get_BasicBorderRectangleVTable'
/usr/x86_64-w64-mingw32/bin/ld: CMakeFiles/taalcha.dir/slint_generated_app_1.cpp.obj:slint_generated_app_1.cpp:(.text+0x62dd0): undefined reference to `__imp_slint_get_TouchAreaVTable'
/usr/x86_64-w64-mingw32/bin/ld: CMakeFiles/taalcha.dir/slint_generated_app_1.cpp.obj:slint_generated_app_1.cpp:(.text+0x62de0): undefined reference to `__imp_slint_get_OpacityVTable'
/usr/x86_64-w64-mingw32/bin/ld: CMakeFiles/taalcha.dir/slint_generated_app_1.cpp.obj:slint_generated_app_1.cpp:(.text+0x62df0): undefined reference to `__imp_slint_get_OpacityVTable'
/usr/x86_64-w64-mingw32/bin/ld: CMakeFiles/taalcha.dir/slint_generated_app_1.cpp.obj:slint_generated_app_1.cpp:(.text+0x62e00): undefined reference to `__imp_slint_get_TouchAreaVTable'
/usr/x86_64-w64-mingw32/bin/ld: CMakeFiles/taalcha.dir/slint_generated_app_1.cpp.obj:slint_generated_app_1.cpp:(.text+0x62e10): undefined reference to `__imp_slint_get_OpacityVTable'
/usr/x86_64-w64-mingw32/bin/ld: CMakeFiles/taalcha.dir/slint_generated_app_1.cpp.obj:slint_generated_app_1.cpp:(.text+0x62e20): undefined reference to `__imp_slint_get_ImageItemVTable'
/usr/x86_64-w64-mingw32/bin/ld: CMakeFiles/taalcha.dir/slint_generated_app_1.cpp.obj:slint_generated_app_1.cpp:(.text+0x62e30): undefined reference to `__imp_slint_get_TouchAreaVTable'
/usr/x86_64-w64-mingw32/bin/ld: CMakeFiles/taalcha.dir/slint_generated_app_1.cpp.obj:slint_generated_app_1.cpp:(.text+0x62e40): undefined reference to `__imp_slint_get_OpacityVTable'
/usr/x86_64-w64-mingw32/bin/ld: CMakeFiles/taalcha.dir/slint_generated_app_1.cpp.obj:slint_generated_app_1.cpp:(.text+0x62e50): undefined reference to `__imp_slint_get_ImageItemVTable'
/usr/x86_64-w64-mingw32/bin/ld: CMakeFiles/taalcha.dir/slint_generated_app_1.cpp.obj:slint_generated_app_1.cpp:(.text+0x62e60): undefined reference to `__imp_slint_get_TouchAreaVTable'
/usr/x86_64-w64-mingw32/bin/ld: CMakeFiles/taalcha.dir/slint_generated_app_1.cpp.obj:slint_generated_app_1.cpp:(.text+0x62e70): undefined reference to `__imp_slint_get_BasicBorderRectangleVTable'
/usr/x86_64-w64-mingw32/bin/ld: CMakeFiles/taalcha.dir/slint_generated_app_1.cpp.obj:slint_generated_app_1.cpp:(.text+0x62e80): undefined reference to `__imp_slint_get_SimpleTextVTable'
/usr/x86_64-w64-mingw32/bin/ld: CMakeFiles/taalcha.dir/slint_generated_app_1.cpp.obj:slint_generated_app_1.cpp:(.text+0x63697): undefined reference to `__imp_slint_get_SimpleTextVTable'
/usr/x86_64-w64-mingw32/bin/ld: CMakeFiles/taalcha.dir/slint_generated_app_1.cpp.obj:slint_generated_app_1.cpp:(.text+0x638c1): undefined reference to `__imp_slint_get_SimpleTextVTable'
/usr/x86_64-w64-mingw32/bin/ld: CMakeFiles/taalcha.dir/slint_generated_app_1.cpp.obj:slint_generated_app_1.cpp:(.text+0x63a39): undefined reference to `__imp_slint_get_SimpleTextVTable'
/usr/x86_64-w64-mingw32/bin/ld: CMakeFiles/taalcha.dir/slint_generated_app_1.cpp.obj:slint_generated_app_1.cpp:(.text+0x63b35): undefined reference to `__imp_slint_get_SimpleTextVTable'
/usr/x86_64-w64-mingw32/bin/ld: CMakeFiles/taalcha.dir/slint_generated_app_1.cpp.obj:slint_generated_app_1.cpp:(.text+0x63c31): more undefined references to `__imp_slint_get_SimpleTextVTable' follow
/usr/x86_64-w64-mingw32/bin/ld: CMakeFiles/taalcha.dir/slint_generated_app_1.cpp.obj:slint_generated_app_1.cpp:(.text+0x650c6): undefined reference to `__imp_slint_get_BasicBorderRectangleVTable'
/usr/x86_64-w64-mingw32/bin/ld: CMakeFiles/taalcha.dir/slint_generated_app_1.cpp.obj:slint_generated_app_1.cpp:(.text+0x650d6): undefined reference to `__imp_slint_get_SimpleTextVTable'
/usr/x86_64-w64-mingw32/bin/ld: CMakeFiles/taalcha.dir/slint_generated_app_1.cpp.obj:slint_generated_app_1.cpp:(.text+0x67104): undefined reference to `__imp_slint_get_EmptyVTable'
/usr/x86_64-w64-mingw32/bin/ld: CMakeFiles/taalcha.dir/slint_generated_app_1.cpp.obj:slint_generated_app_1.cpp:(.text+0x67114): undefined reference to `__imp_slint_get_TouchAreaVTable'
/usr/x86_64-w64-mingw32/bin/ld: CMakeFiles/taalcha.dir/slint_generated_app_1.cpp.obj:slint_generated_app_1.cpp:(.text+0x67124): undefined reference to `__imp_slint_get_BasicBorderRectangleVTable'
/usr/x86_64-w64-mingw32/bin/ld: CMakeFiles/taalcha.dir/slint_generated_app_1.cpp.obj:slint_generated_app_1.cpp:(.text+0x67134): undefined reference to `__imp_slint_get_EmptyVTable'
/usr/x86_64-w64-mingw32/bin/ld: CMakeFiles/taalcha.dir/slint_generated_app_1.cpp.obj:slint_generated_app_1.cpp:(.text+0x67144): undefined reference to `__imp_slint_get_EmptyVTable'
/usr/x86_64-w64-mingw32/bin/ld: CMakeFiles/taalcha.dir/slint_generated_app_1.cpp.obj:slint_generated_app_1.cpp:(.text+0x67154): undefined reference to `__imp_slint_get_BasicBorderRectangleVTable'
/usr/x86_64-w64-mingw32/bin/ld: CMakeFiles/taalcha.dir/slint_generated_app_1.cpp.obj:slint_generated_app_1.cpp:(.text+0x67164): undefined reference to `__imp_slint_get_ClipVTable'
/usr/x86_64-w64-mingw32/bin/ld: CMakeFiles/taalcha.dir/slint_generated_app_1.cpp.obj:slint_generated_app_1.cpp:(.text+0x67174): undefined reference to `__imp_slint_get_ComplexTextVTable'
/usr/x86_64-w64-mingw32/bin/ld: CMakeFiles/taalcha.dir/slint_generated_app_1.cpp.obj:slint_generated_app_1.cpp:(.text+0x67184): undefined reference to `__imp_slint_get_ComplexTextVTable'
/usr/x86_64-w64-mingw32/bin/ld: CMakeFiles/taalcha.dir/slint_generated_app_1.cpp.obj:slint_generated_app_1.cpp:(.text+0x679ca): undefined reference to `__imp_slint_get_EmptyVTable'
/usr/x86_64-w64-mingw32/bin/ld: CMakeFiles/taalcha.dir/slint_generated_app_1.cpp.obj:slint_generated_app_1.cpp:(.text+0x67df4): undefined reference to `__imp_slint_get_SimpleTextVTable'
/usr/x86_64-w64-mingw32/bin/ld: CMakeFiles/taalcha.dir/slint_generated_app_1.cpp.obj:slint_generated_app_1.cpp:(.text+0x67eb4): undefined reference to `__imp_slint_get_SimpleTextVTable'
/usr/x86_64-w64-mingw32/bin/ld: CMakeFiles/taalcha.dir/slint_generated_app_1.cpp.obj:slint_generated_app_1.cpp:(.text+0x68136): undefined reference to `__imp_slint_get_EmptyVTable'
/usr/x86_64-w64-mingw32/bin/ld: CMakeFiles/taalcha.dir/slint_generated_app_1.cpp.obj:slint_generated_app_1.cpp:(.text+0x6842e): undefined reference to `__imp_slint_get_SimpleTextVTable'
/usr/x86_64-w64-mingw32/bin/ld: CMakeFiles/taalcha.dir/slint_generated_app_1.cpp.obj:slint_generated_app_1.cpp:(.text+0x684e2): undefined reference to `__imp_slint_get_SimpleTextVTable'
/usr/x86_64-w64-mingw32/bin/ld: CMakeFiles/taalcha.dir/slint_generated_app_1.cpp.obj:slint_generated_app_1.cpp:(.text+0x6870c): undefined reference to `__imp_slint_get_EmptyVTable'
/usr/x86_64-w64-mingw32/bin/ld: CMakeFiles/taalcha.dir/slint_generated_app_1.cpp.obj:slint_generated_app_1.cpp:(.text+0x68a04): undefined reference to `__imp_slint_get_SimpleTextVTable'
/usr/x86_64-w64-mingw32/bin/ld: CMakeFiles/taalcha.dir/slint_generated_app_1.cpp.obj:slint_generated_app_1.cpp:(.text+0x68ab8): undefined reference to `__imp_slint_get_SimpleTextVTable'
/usr/x86_64-w64-mingw32/bin/ld: CMakeFiles/taalcha.dir/slint_generated_app_1.cpp.obj:slint_generated_app_1.cpp:(.text+0x6a648): undefined reference to `__imp_slint_get_EmptyVTable'
/usr/x86_64-w64-mingw32/bin/ld: CMakeFiles/taalcha.dir/slint_generated_app_1.cpp.obj:slint_generated_app_1.cpp:(.text+0x6a658): undefined reference to `__imp_slint_get_EmptyVTable'
/usr/x86_64-w64-mingw32/bin/ld: CMakeFiles/taalcha.dir/slint_generated_app_1.cpp.obj:slint_generated_app_1.cpp:(.text+0x6a668): undefined reference to `__imp_slint_get_SimpleTextVTable'
/usr/x86_64-w64-mingw32/bin/ld: CMakeFiles/taalcha.dir/slint_generated_app_1.cpp.obj:slint_generated_app_1.cpp:(.text+0x6a678): undefined reference to `__imp_slint_get_SimpleTextVTable'
/usr/x86_64-w64-mingw32/bin/ld: CMakeFiles/taalcha.dir/slint_generated_app_1.cpp.obj:slint_generated_app_1.cpp:(.text+0x6a688): undefined reference to `__imp_slint_get_BasicBorderRectangleVTable'
/usr/x86_64-w64-mingw32/bin/ld: CMakeFiles/taalcha.dir/slint_generated_app_1.cpp.obj:slint_generated_app_1.cpp:(.text+0x6a698): undefined reference to `__imp_slint_get_ClipVTable'
/usr/x86_64-w64-mingw32/bin/ld: CMakeFiles/taalcha.dir/slint_generated_app_1.cpp.obj:slint_generated_app_1.cpp:(.text+0x6bed2): undefined reference to `__imp_slint_get_SimpleTextVTable'
/usr/x86_64-w64-mingw32/bin/ld: CMakeFiles/taalcha.dir/slint_generated_app_1.cpp.obj:slint_generated_app_1.cpp:(.text+0x6bfdb): undefined reference to `__imp_slint_get_SimpleTextVTable'
/usr/x86_64-w64-mingw32/bin/ld: CMakeFiles/taalcha.dir/slint_generated_app_1.cpp.obj:slint_generated_app_1.cpp:(.text+0x6c0e4): undefined reference to `__imp_slint_get_SimpleTextVTable'
/usr/x86_64-w64-mingw32/bin/ld: CMakeFiles/taalcha.dir/slint_generated_app_1.cpp.obj:slint_generated_app_1.cpp:(.text+0x6e4f9): undefined reference to `__imp_slint_get_SimpleTextVTable'
/usr/x86_64-w64-mingw32/bin/ld: CMakeFiles/taalcha.dir/slint_generated_app_1.cpp.obj:slint_generated_app_1.cpp:(.text+0x6e5f7): undefined reference to `__imp_slint_get_SimpleTextVTable'
/usr/x86_64-w64-mingw32/bin/ld: CMakeFiles/taalcha.dir/slint_generated_app_1.cpp.obj:slint_generated_app_1.cpp:(.text+0x6e6e3): more undefined references to `__imp_slint_get_SimpleTextVTable' follow
/usr/x86_64-w64-mingw32/bin/ld: CMakeFiles/taalcha.dir/slint_generated_app_1.cpp.obj:slint_generated_app_1.cpp:(.text+0x766de): undefined reference to `__imp_slint_get_EmptyVTable'
/usr/x86_64-w64-mingw32/bin/ld: CMakeFiles/taalcha.dir/slint_generated_app_1.cpp.obj:slint_generated_app_1.cpp:(.text+0x766ee): undefined reference to `__imp_slint_get_SimpleTextVTable'
/usr/x86_64-w64-mingw32/bin/ld: CMakeFiles/taalcha.dir/slint_generated_app_1.cpp.obj:slint_generated_app_1.cpp:(.text+0x766fe): undefined reference to `__imp_slint_get_EmptyVTable'
/usr/x86_64-w64-mingw32/bin/ld: CMakeFiles/taalcha.dir/slint_generated_app_1.cpp.obj:slint_generated_app_1.cpp:(.text+0x7670e): undefined reference to `__imp_slint_get_SimpleTextVTable'
/usr/x86_64-w64-mingw32/bin/ld: CMakeFiles/taalcha.dir/slint_generated_app_1.cpp.obj:slint_generated_app_1.cpp:(.text+0x7671e): undefined reference to `__imp_slint_get_EmptyVTable'
/usr/x86_64-w64-mingw32/bin/ld: CMakeFiles/taalcha.dir/slint_generated_app_1.cpp.obj:slint_generated_app_1.cpp:(.text+0x7672e): undefined reference to `__imp_slint_get_SimpleTextVTable'
/usr/x86_64-w64-mingw32/bin/ld: CMakeFiles/taalcha.dir/slint_generated_app_1.cpp.obj:slint_generated_app_1.cpp:(.text+0x7673e): undefined reference to `__imp_slint_get_EmptyVTable'
/usr/x86_64-w64-mingw32/bin/ld: CMakeFiles/taalcha.dir/slint_generated_app_1.cpp.obj:slint_generated_app_1.cpp:(.text+0x7674e): undefined reference to `__imp_slint_get_EmptyVTable'
/usr/x86_64-w64-mingw32/bin/ld: CMakeFiles/taalcha.dir/slint_generated_app_1.cpp.obj:slint_generated_app_1.cpp:(.text+0x7675e): undefined reference to `__imp_slint_get_EmptyVTable'
/usr/x86_64-w64-mingw32/bin/ld: CMakeFiles/taalcha.dir/slint_generated_app_1.cpp.obj:slint_generated_app_1.cpp:(.text+0x7676e): undefined reference to `__imp_slint_get_EmptyVTable'
/usr/x86_64-w64-mingw32/bin/ld: CMakeFiles/taalcha.dir/slint_generated_app_1.cpp.obj:slint_generated_app_1.cpp:(.text+0x7677e): undefined reference to `__imp_slint_get_BasicBorderRectangleVTable'
/usr/x86_64-w64-mingw32/bin/ld: CMakeFiles/taalcha.dir/slint_generated_app_1.cpp.obj:slint_generated_app_1.cpp:(.text+0x7678e): undefined reference to `__imp_slint_get_EmptyVTable'
/usr/x86_64-w64-mingw32/bin/ld: CMakeFiles/taalcha.dir/slint_generated_app_1.cpp.obj:slint_generated_app_1.cpp:(.text+0x7679e): undefined reference to `__imp_slint_get_BasicBorderRectangleVTable'
/usr/x86_64-w64-mingw32/bin/ld: CMakeFiles/taalcha.dir/slint_generated_app_1.cpp.obj:slint_generated_app_1.cpp:(.text+0x767ae): undefined reference to `__imp_slint_get_ClipVTable'
/usr/x86_64-w64-mingw32/bin/ld: CMakeFiles/taalcha.dir/slint_generated_app_1.cpp.obj:slint_generated_app_1.cpp:(.text+0x767be): undefined reference to `__imp_slint_get_ComplexTextVTable'
/usr/x86_64-w64-mingw32/bin/ld: CMakeFiles/taalcha.dir/slint_generated_app_1.cpp.obj:slint_generated_app_1.cpp:(.text+0x767ce): undefined reference to `__imp_slint_get_ContextMenuVTable'
/usr/x86_64-w64-mingw32/bin/ld: CMakeFiles/taalcha.dir/slint_generated_app_1.cpp.obj:slint_generated_app_1.cpp:(.text+0x767de): undefined reference to `__imp_slint_get_TextInputVTable'
/usr/x86_64-w64-mingw32/bin/ld: CMakeFiles/taalcha.dir/slint_generated_app_1.cpp.obj:slint_generated_app_1.cpp:(.text+0x767ee): undefined reference to `__imp_slint_get_EmptyVTable'
/usr/x86_64-w64-mingw32/bin/ld: CMakeFiles/taalcha.dir/slint_generated_app_1.cpp.obj:slint_generated_app_1.cpp:(.text+0x767fe): undefined reference to `__imp_slint_get_TouchAreaVTable'
/usr/x86_64-w64-mingw32/bin/ld: CMakeFiles/taalcha.dir/slint_generated_app_1.cpp.obj:slint_generated_app_1.cpp:(.text+0x7680e): undefined reference to `__imp_slint_get_BasicBorderRectangleVTable'
/usr/x86_64-w64-mingw32/bin/ld: CMakeFiles/taalcha.dir/slint_generated_app_1.cpp.obj:slint_generated_app_1.cpp:(.text+0x7681e): undefined reference to `__imp_slint_get_EmptyVTable'
/usr/x86_64-w64-mingw32/bin/ld: CMakeFiles/taalcha.dir/slint_generated_app_1.cpp.obj:slint_generated_app_1.cpp:(.text+0x7682e): undefined reference to `__imp_slint_get_BasicBorderRectangleVTable'
/usr/x86_64-w64-mingw32/bin/ld: CMakeFiles/taalcha.dir/slint_generated_app_1.cpp.obj:slint_generated_app_1.cpp:(.text+0x7683e): undefined reference to `__imp_slint_get_ClipVTable'
/usr/x86_64-w64-mingw32/bin/ld: CMakeFiles/taalcha.dir/slint_generated_app_1.cpp.obj:slint_generated_app_1.cpp:(.text+0x7684e): undefined reference to `__imp_slint_get_ComplexTextVTable'
/usr/x86_64-w64-mingw32/bin/ld: CMakeFiles/taalcha.dir/slint_generated_app_1.cpp.obj:slint_generated_app_1.cpp:(.text+0x7685e): undefined reference to `__imp_slint_get_ContextMenuVTable'
/usr/x86_64-w64-mingw32/bin/ld: CMakeFiles/taalcha.dir/slint_generated_app_1.cpp.obj:slint_generated_app_1.cpp:(.text+0x7686e): undefined reference to `__imp_slint_get_TextInputVTable'
/usr/x86_64-w64-mingw32/bin/ld: CMakeFiles/taalcha.dir/slint_generated_app_1.cpp.obj:slint_generated_app_1.cpp:(.text+0x7687e): undefined reference to `__imp_slint_get_BasicBorderRectangleVTable'
/usr/x86_64-w64-mingw32/bin/ld: CMakeFiles/taalcha.dir/slint_generated_app_1.cpp.obj:slint_generated_app_1.cpp:(.text+0x7688e): undefined reference to `__imp_slint_get_SimpleTextVTable'
/usr/x86_64-w64-mingw32/bin/ld: CMakeFiles/taalcha.dir/slint_generated_app_1.cpp.obj:slint_generated_app_1.cpp:(.text+0x7689e): undefined reference to `__imp_slint_get_BasicBorderRectangleVTable'
/usr/x86_64-w64-mingw32/bin/ld: CMakeFiles/taalcha.dir/slint_generated_app_1.cpp.obj:slint_generated_app_1.cpp:(.text+0x768ae): undefined reference to `__imp_slint_get_EmptyVTable'
/usr/x86_64-w64-mingw32/bin/ld: CMakeFiles/taalcha.dir/slint_generated_app_1.cpp.obj:slint_generated_app_1.cpp:(.text+0x768be): undefined reference to `__imp_slint_get_BasicBorderRectangleVTable'
/usr/x86_64-w64-mingw32/bin/ld: CMakeFiles/taalcha.dir/slint_generated_app_1.cpp.obj:slint_generated_app_1.cpp:(.text+0x768ce): undefined reference to `__imp_slint_get_ClipVTable'
/usr/x86_64-w64-mingw32/bin/ld: CMakeFiles/taalcha.dir/slint_generated_app_1.cpp.obj:slint_generated_app_1.cpp:(.text+0x768de): undefined reference to `__imp_slint_get_ComplexTextVTable'
/usr/x86_64-w64-mingw32/bin/ld: CMakeFiles/taalcha.dir/slint_generated_app_1.cpp.obj:slint_generated_app_1.cpp:(.text+0x768ee): undefined reference to `__imp_slint_get_ContextMenuVTable'
/usr/x86_64-w64-mingw32/bin/ld: CMakeFiles/taalcha.dir/slint_generated_app_1.cpp.obj:slint_generated_app_1.cpp:(.text+0x768fe): undefined reference to `__imp_slint_get_TextInputVTable'
/usr/x86_64-w64-mingw32/bin/ld: CMakeFiles/taalcha.dir/slint_generated_app_1.cpp.obj:slint_generated_app_1.cpp:(.text+0x7690e): undefined reference to `__imp_slint_get_TouchAreaVTable'
/usr/x86_64-w64-mingw32/bin/ld: CMakeFiles/taalcha.dir/slint_generated_app_1.cpp.obj:slint_generated_app_1.cpp:(.text+0x7691e): undefined reference to `__imp_slint_get_BasicBorderRectangleVTable'
/usr/x86_64-w64-mingw32/bin/ld: CMakeFiles/taalcha.dir/slint_generated_app_1.cpp.obj:slint_generated_app_1.cpp:(.text+0x7692e): undefined reference to `__imp_slint_get_SimpleTextVTable'
/usr/x86_64-w64-mingw32/bin/ld: CMakeFiles/taalcha.dir/slint_generated_app_1.cpp.obj:slint_generated_app_1.cpp:(.text+0x7693e): undefined reference to `__imp_slint_get_RectangleVTable'
/usr/x86_64-w64-mingw32/bin/ld: CMakeFiles/taalcha.dir/slint_generated_app_1.cpp.obj:slint_generated_app_1.cpp:(.text+0x7694e): undefined reference to `__imp_slint_get_ComplexTextVTable'
/usr/x86_64-w64-mingw32/bin/ld: CMakeFiles/taalcha.dir/slint_generated_app_1.cpp.obj:slint_generated_app_1.cpp:(.text+0x7695e): undefined reference to `__imp_slint_get_BasicBorderRectangleVTable'
/usr/x86_64-w64-mingw32/bin/ld: CMakeFiles/taalcha.dir/slint_generated_app_1.cpp.obj:slint_generated_app_1.cpp:(.text+0x7696e): undefined reference to `__imp_slint_get_EmptyVTable'
/usr/x86_64-w64-mingw32/bin/ld: CMakeFiles/taalcha.dir/slint_generated_app_1.cpp.obj:slint_generated_app_1.cpp:(.text+0x7697e): undefined reference to `__imp_slint_get_EmptyVTable'
/usr/x86_64-w64-mingw32/bin/ld: CMakeFiles/taalcha.dir/slint_generated_app_1.cpp.obj:slint_generated_app_1.cpp:(.text+0x7698e): undefined reference to `__imp_slint_get_EmptyVTable'
/usr/x86_64-w64-mingw32/bin/ld: CMakeFiles/taalcha.dir/slint_generated_app_1.cpp.obj:slint_generated_app_1.cpp:(.text+0x7699e): undefined reference to `__imp_slint_get_EmptyVTable'
/usr/x86_64-w64-mingw32/bin/ld: CMakeFiles/taalcha.dir/slint_generated_app_1.cpp.obj:slint_generated_app_1.cpp:(.text+0x769ae): undefined reference to `__imp_slint_get_EmptyVTable'
/usr/x86_64-w64-mingw32/bin/ld: CMakeFiles/taalcha.dir/slint_generated_app_1.cpp.obj:slint_generated_app_1.cpp:(.text+0x769be): undefined reference to `__imp_slint_get_ComplexTextVTable'
/usr/x86_64-w64-mingw32/bin/ld: CMakeFiles/taalcha.dir/slint_generated_app_1.cpp.obj:slint_generated_app_1.cpp:(.text+0x769ce): undefined reference to `__imp_slint_get_TouchAreaVTable'
/usr/x86_64-w64-mingw32/bin/ld: CMakeFiles/taalcha.dir/slint_generated_app_1.cpp.obj:slint_generated_app_1.cpp:(.text+0x769de): undefined reference to `__imp_slint_get_BasicBorderRectangleVTable'
/usr/x86_64-w64-mingw32/bin/ld: CMakeFiles/taalcha.dir/slint_generated_app_1.cpp.obj:slint_generated_app_1.cpp:(.text+0x769ee): undefined reference to `__imp_slint_get_SimpleTextVTable'
/usr/x86_64-w64-mingw32/bin/ld: CMakeFiles/taalcha.dir/slint_generated_app_1.cpp.obj:slint_generated_app_1.cpp:(.text+0x769fe): undefined reference to `__imp_slint_get_SimpleTextVTable'
/usr/x86_64-w64-mingw32/bin/ld: CMakeFiles/taalcha.dir/slint_generated_app_1.cpp.obj:slint_generated_app_1.cpp:(.text+0x76a0e): undefined reference to `__imp_slint_get_EmptyVTable'
/usr/x86_64-w64-mingw32/bin/ld: CMakeFiles/taalcha.dir/slint_generated_app_1.cpp.obj:slint_generated_app_1.cpp:(.text+0x76a1e): undefined reference to `__imp_slint_get_TouchAreaVTable'
/usr/x86_64-w64-mingw32/bin/ld: CMakeFiles/taalcha.dir/slint_generated_app_1.cpp.obj:slint_generated_app_1.cpp:(.text+0x76a2e): undefined reference to `__imp_slint_get_SimpleTextVTable'
/usr/x86_64-w64-mingw32/bin/ld: CMakeFiles/taalcha.dir/slint_generated_app_1.cpp.obj:slint_generated_app_1.cpp:(.text+0x76a3e): undefined reference to `__imp_slint_get_TouchAreaVTable'
/usr/x86_64-w64-mingw32/bin/ld: CMakeFiles/taalcha.dir/slint_generated_app_1.cpp.obj:slint_generated_app_1.cpp:(.text+0x76a4e): undefined reference to `__imp_slint_get_BasicBorderRectangleVTable'
/usr/x86_64-w64-mingw32/bin/ld: CMakeFiles/taalcha.dir/slint_generated_app_1.cpp.obj:slint_generated_app_1.cpp:(.text+0x76a5e): undefined reference to `__imp_slint_get_SimpleTextVTable'
/usr/x86_64-w64-mingw32/bin/ld: CMakeFiles/taalcha.dir/slint_generated_app_1.cpp.obj:slint_generated_app_1.cpp:(.text+0x76a6e): undefined reference to `__imp_slint_get_BasicBorderRectangleVTable'
/usr/x86_64-w64-mingw32/bin/ld: CMakeFiles/taalcha.dir/slint_generated_app_1.cpp.obj:slint_generated_app_1.cpp:(.text+0x76a7e): undefined reference to `__imp_slint_get_SimpleTextVTable'
/usr/x86_64-w64-mingw32/bin/ld: CMakeFiles/taalcha.dir/slint_generated_app_1.cpp.obj:slint_generated_app_1.cpp:(.text+0x76a8e): undefined reference to `__imp_slint_get_SimpleTextVTable'
/usr/x86_64-w64-mingw32/bin/ld: CMakeFiles/taalcha.dir/slint_generated_app_1.cpp.obj:slint_generated_app_1.cpp:(.text+0x76a9e): undefined reference to `__imp_slint_get_TouchAreaVTable'
/usr/x86_64-w64-mingw32/bin/ld: CMakeFiles/taalcha.dir/slint_generated_app_1.cpp.obj:slint_generated_app_1.cpp:(.text+0x76aae): undefined reference to `__imp_slint_get_BasicBorderRectangleVTable'
/usr/x86_64-w64-mingw32/bin/ld: CMakeFiles/taalcha.dir/slint_generated_app_1.cpp.obj:slint_generated_app_1.cpp:(.text+0x76abe): undefined reference to `__imp_slint_get_BasicBorderRectangleVTable'
/usr/x86_64-w64-mingw32/bin/ld: CMakeFiles/taalcha.dir/slint_generated_app_1.cpp.obj:slint_generated_app_1.cpp:(.text+0x76ace): undefined reference to `__imp_slint_get_SimpleTextVTable'
/usr/x86_64-w64-mingw32/bin/ld: CMakeFiles/taalcha.dir/slint_generated_app_1.cpp.obj:slint_generated_app_1.cpp:(.text+0x76ade): undefined reference to `__imp_slint_get_TouchAreaVTable'
/usr/x86_64-w64-mingw32/bin/ld: CMakeFiles/taalcha.dir/slint_generated_app_1.cpp.obj:slint_generated_app_1.cpp:(.text+0x76aee): undefined reference to `__imp_slint_get_BasicBorderRectangleVTable'
/usr/x86_64-w64-mingw32/bin/ld: CMakeFiles/taalcha.dir/slint_generated_app_1.cpp.obj:slint_generated_app_1.cpp:(.text+0x76afe): undefined reference to `__imp_slint_get_BasicBorderRectangleVTable'
/usr/x86_64-w64-mingw32/bin/ld: CMakeFiles/taalcha.dir/slint_generated_app_1.cpp.obj:slint_generated_app_1.cpp:(.text+0x76b0e): undefined reference to `__imp_slint_get_SimpleTextVTable'
/usr/x86_64-w64-mingw32/bin/ld: CMakeFiles/taalcha.dir/slint_generated_app_1.cpp.obj:slint_generated_app_1.cpp:(.text+0x76b1e): undefined reference to `__imp_slint_get_TouchAreaVTable'
/usr/x86_64-w64-mingw32/bin/ld: CMakeFiles/taalcha.dir/slint_generated_app_1.cpp.obj:slint_generated_app_1.cpp:(.text+0x76b2e): undefined reference to `__imp_slint_get_BasicBorderRectangleVTable'
/usr/x86_64-w64-mingw32/bin/ld: CMakeFiles/taalcha.dir/slint_generated_app_1.cpp.obj:slint_generated_app_1.cpp:(.text+0x76b3e): undefined reference to `__imp_slint_get_BasicBorderRectangleVTable'
/usr/x86_64-w64-mingw32/bin/ld: CMakeFiles/taalcha.dir/slint_generated_app_1.cpp.obj:slint_generated_app_1.cpp:(.text+0x76b4e): undefined reference to `__imp_slint_get_TouchAreaVTable'
/usr/x86_64-w64-mingw32/bin/ld: CMakeFiles/taalcha.dir/slint_generated_app_1.cpp.obj:slint_generated_app_1.cpp:(.text+0x76b5e): undefined reference to `__imp_slint_get_BasicBorderRectangleVTable'
/usr/x86_64-w64-mingw32/bin/ld: CMakeFiles/taalcha.dir/slint_generated_app_1.cpp.obj:slint_generated_app_1.cpp:(.text+0x76b6e): undefined reference to `__imp_slint_get_SimpleTextVTable'
/usr/x86_64-w64-mingw32/bin/ld: CMakeFiles/taalcha.dir/slint_generated_app_1.cpp.obj:slint_generated_app_1.cpp:(.text+0x77944): undefined reference to `__imp_slint_get_SimpleTextVTable'
/usr/x86_64-w64-mingw32/bin/ld: CMakeFiles/taalcha.dir/slint_generated_app_1.cpp.obj:slint_generated_app_1.cpp:(.text+0x783d1): undefined reference to `__imp_slint_get_SimpleTextVTable'
/usr/x86_64-w64-mingw32/bin/ld: CMakeFiles/taalcha.dir/slint_generated_app_1.cpp.obj:slint_generated_app_1.cpp:(.text+0x78d82): undefined reference to `__imp_slint_get_SimpleTextVTable'
/usr/x86_64-w64-mingw32/bin/ld: CMakeFiles/taalcha.dir/slint_generated_app_1.cpp.obj:slint_generated_app_1.cpp:(.text+0x7af00): undefined reference to `__imp_slint_get_EmptyVTable'
/usr/x86_64-w64-mingw32/bin/ld: CMakeFiles/taalcha.dir/slint_generated_app_1.cpp.obj:slint_generated_app_1.cpp:(.text+0x7af10): undefined reference to `__imp_slint_get_SimpleTextVTable'
/usr/x86_64-w64-mingw32/bin/ld: CMakeFiles/taalcha.dir/slint_generated_app_1.cpp.obj:slint_generated_app_1.cpp:(.text+0x7af20): undefined reference to `__imp_slint_get_EmptyVTable'
/usr/x86_64-w64-mingw32/bin/ld: CMakeFiles/taalcha.dir/slint_generated_app_1.cpp.obj:slint_generated_app_1.cpp:(.text+0x7af30): undefined reference to `__imp_slint_get_EmptyVTable'
/usr/x86_64-w64-mingw32/bin/ld: CMakeFiles/taalcha.dir/slint_generated_app_1.cpp.obj:slint_generated_app_1.cpp:(.text+0x7af40): undefined reference to `__imp_slint_get_BasicBorderRectangleVTable'
/usr/x86_64-w64-mingw32/bin/ld: CMakeFiles/taalcha.dir/slint_generated_app_1.cpp.obj:slint_generated_app_1.cpp:(.text+0x7af50): undefined reference to `__imp_slint_get_ContextMenuVTable'
/usr/x86_64-w64-mingw32/bin/ld: CMakeFiles/taalcha.dir/slint_generated_app_1.cpp.obj:slint_generated_app_1.cpp:(.text+0x7af60): undefined reference to `__imp_slint_get_ComplexTextVTable'
/usr/x86_64-w64-mingw32/bin/ld: CMakeFiles/taalcha.dir/slint_generated_app_1.cpp.obj:slint_generated_app_1.cpp:(.text+0x7af70): undefined reference to `__imp_slint_get_BasicBorderRectangleVTable'
/usr/x86_64-w64-mingw32/bin/ld: CMakeFiles/taalcha.dir/slint_generated_app_1.cpp.obj:slint_generated_app_1.cpp:(.text+0x7af80): undefined reference to `__imp_slint_get_EmptyVTable'
/usr/x86_64-w64-mingw32/bin/ld: CMakeFiles/taalcha.dir/slint_generated_app_1.cpp.obj:slint_generated_app_1.cpp:(.text+0x7af90): undefined reference to `__imp_slint_get_FlickableVTable'
/usr/x86_64-w64-mingw32/bin/ld: CMakeFiles/taalcha.dir/slint_generated_app_1.cpp.obj:slint_generated_app_1.cpp:(.text+0x7afa0): undefined reference to `__imp_slint_get_ClipVTable'
/usr/x86_64-w64-mingw32/bin/ld: CMakeFiles/taalcha.dir/slint_generated_app_1.cpp.obj:slint_generated_app_1.cpp:(.text+0x7afb0): undefined reference to `__imp_slint_get_ClipVTable'
/usr/x86_64-w64-mingw32/bin/ld: CMakeFiles/taalcha.dir/slint_generated_app_1.cpp.obj:slint_generated_app_1.cpp:(.text+0x7afc0): undefined reference to `__imp_slint_get_EmptyVTable'
/usr/x86_64-w64-mingw32/bin/ld: CMakeFiles/taalcha.dir/slint_generated_app_1.cpp.obj:slint_generated_app_1.cpp:(.text+0x7afd0): undefined reference to `__imp_slint_get_TextInputVTable'
/usr/x86_64-w64-mingw32/bin/ld: CMakeFiles/taalcha.dir/slint_generated_app_1.cpp.obj:slint_generated_app_1.cpp:(.text+0x7afe0): undefined reference to `__imp_slint_get_BasicBorderRectangleVTable'
/usr/x86_64-w64-mingw32/bin/ld: CMakeFiles/taalcha.dir/slint_generated_app_1.cpp.obj:slint_generated_app_1.cpp:(.text+0x7aff0): undefined reference to `__imp_slint_get_ClipVTable'
/usr/x86_64-w64-mingw32/bin/ld: CMakeFiles/taalcha.dir/slint_generated_app_1.cpp.obj:slint_generated_app_1.cpp:(.text+0x7b000): undefined reference to `__imp_slint_get_BasicBorderRectangleVTable'
/usr/x86_64-w64-mingw32/bin/ld: CMakeFiles/taalcha.dir/slint_generated_app_1.cpp.obj:slint_generated_app_1.cpp:(.text+0x7b010): undefined reference to `__imp_slint_get_TouchAreaVTable'
/usr/x86_64-w64-mingw32/bin/ld: CMakeFiles/taalcha.dir/slint_generated_app_1.cpp.obj:slint_generated_app_1.cpp:(.text+0x7b020): undefined reference to `__imp_slint_get_OpacityVTable'
/usr/x86_64-w64-mingw32/bin/ld: CMakeFiles/taalcha.dir/slint_generated_app_1.cpp.obj:slint_generated_app_1.cpp:(.text+0x7b030): undefined reference to `__imp_slint_get_OpacityVTable'
/usr/x86_64-w64-mingw32/bin/ld: CMakeFiles/taalcha.dir/slint_generated_app_1.cpp.obj:slint_generated_app_1.cpp:(.text+0x7b040): undefined reference to `__imp_slint_get_TouchAreaVTable'
/usr/x86_64-w64-mingw32/bin/ld: CMakeFiles/taalcha.dir/slint_generated_app_1.cpp.obj:slint_generated_app_1.cpp:(.text+0x7b050): undefined reference to `__imp_slint_get_OpacityVTable'
/usr/x86_64-w64-mingw32/bin/ld: CMakeFiles/taalcha.dir/slint_generated_app_1.cpp.obj:slint_generated_app_1.cpp:(.text+0x7b060): undefined reference to `__imp_slint_get_ImageItemVTable'
/usr/x86_64-w64-mingw32/bin/ld: CMakeFiles/taalcha.dir/slint_generated_app_1.cpp.obj:slint_generated_app_1.cpp:(.text+0x7b070): undefined reference to `__imp_slint_get_TouchAreaVTable'
/usr/x86_64-w64-mingw32/bin/ld: CMakeFiles/taalcha.dir/slint_generated_app_1.cpp.obj:slint_generated_app_1.cpp:(.text+0x7b080): undefined reference to `__imp_slint_get_OpacityVTable'
/usr/x86_64-w64-mingw32/bin/ld: CMakeFiles/taalcha.dir/slint_generated_app_1.cpp.obj:slint_generated_app_1.cpp:(.text+0x7b090): undefined reference to `__imp_slint_get_ImageItemVTable'
/usr/x86_64-w64-mingw32/bin/ld: CMakeFiles/taalcha.dir/slint_generated_app_1.cpp.obj:slint_generated_app_1.cpp:(.text+0x7b0a0): undefined reference to `__imp_slint_get_BasicBorderRectangleVTable'
/usr/x86_64-w64-mingw32/bin/ld: CMakeFiles/taalcha.dir/slint_generated_app_1.cpp.obj:slint_generated_app_1.cpp:(.text+0x7b0b0): undefined reference to `__imp_slint_get_ClipVTable'
/usr/x86_64-w64-mingw32/bin/ld: CMakeFiles/taalcha.dir/slint_generated_app_1.cpp.obj:slint_generated_app_1.cpp:(.text+0x7b0c0): undefined reference to `__imp_slint_get_BasicBorderRectangleVTable'
/usr/x86_64-w64-mingw32/bin/ld: CMakeFiles/taalcha.dir/slint_generated_app_1.cpp.obj:slint_generated_app_1.cpp:(.text+0x7b0d0): undefined reference to `__imp_slint_get_TouchAreaVTable'
/usr/x86_64-w64-mingw32/bin/ld: CMakeFiles/taalcha.dir/slint_generated_app_1.cpp.obj:slint_generated_app_1.cpp:(.text+0x7b0e0): undefined reference to `__imp_slint_get_OpacityVTable'
/usr/x86_64-w64-mingw32/bin/ld: CMakeFiles/taalcha.dir/slint_generated_app_1.cpp.obj:slint_generated_app_1.cpp:(.text+0x7b0f0): undefined reference to `__imp_slint_get_OpacityVTable'
/usr/x86_64-w64-mingw32/bin/ld: CMakeFiles/taalcha.dir/slint_generated_app_1.cpp.obj:slint_generated_app_1.cpp:(.text+0x7b100): undefined reference to `__imp_slint_get_TouchAreaVTable'
/usr/x86_64-w64-mingw32/bin/ld: CMakeFiles/taalcha.dir/slint_generated_app_1.cpp.obj:slint_generated_app_1.cpp:(.text+0x7b110): undefined reference to `__imp_slint_get_OpacityVTable'
/usr/x86_64-w64-mingw32/bin/ld: CMakeFiles/taalcha.dir/slint_generated_app_1.cpp.obj:slint_generated_app_1.cpp:(.text+0x7b120): undefined reference to `__imp_slint_get_ImageItemVTable'
/usr/x86_64-w64-mingw32/bin/ld: CMakeFiles/taalcha.dir/slint_generated_app_1.cpp.obj:slint_generated_app_1.cpp:(.text+0x7b130): undefined reference to `__imp_slint_get_TouchAreaVTable'
/usr/x86_64-w64-mingw32/bin/ld: CMakeFiles/taalcha.dir/slint_generated_app_1.cpp.obj:slint_generated_app_1.cpp:(.text+0x7b140): undefined reference to `__imp_slint_get_OpacityVTable'
/usr/x86_64-w64-mingw32/bin/ld: CMakeFiles/taalcha.dir/slint_generated_app_1.cpp.obj:slint_generated_app_1.cpp:(.text+0x7b150): undefined reference to `__imp_slint_get_ImageItemVTable'
/usr/x86_64-w64-mingw32/bin/ld: CMakeFiles/taalcha.dir/slint_generated_app_1.cpp.obj:slint_generated_app_1.cpp:(.text+0x7b160): undefined reference to `__imp_slint_get_TouchAreaVTable'
/usr/x86_64-w64-mingw32/bin/ld: CMakeFiles/taalcha.dir/slint_generated_app_1.cpp.obj:slint_generated_app_1.cpp:(.text+0x7b170): undefined reference to `__imp_slint_get_BasicBorderRectangleVTable'
/usr/x86_64-w64-mingw32/bin/ld: CMakeFiles/taalcha.dir/slint_generated_app_1.cpp.obj:slint_generated_app_1.cpp:(.text+0x7b180): undefined reference to `__imp_slint_get_SimpleTextVTable'
/usr/x86_64-w64-mingw32/bin/ld: CMakeFiles/taalcha.dir/slint_generated_app_1.cpp.obj:slint_generated_app_1.cpp:(.text+0x7bc51): undefined reference to `__imp_slint_get_RectangleVTable'
/usr/x86_64-w64-mingw32/bin/ld: CMakeFiles/taalcha.dir/slint_generated_app_1.cpp.obj:slint_generated_app_1.cpp:(.text+0x7c424): undefined reference to `__imp_slint_get_RectangleVTable'
/usr/x86_64-w64-mingw32/bin/ld: CMakeFiles/taalcha.dir/slint_generated_app_1.cpp.obj:slint_generated_app_1.cpp:(.text+0x7c83f): undefined reference to `__imp_slint_get_RectangleVTable'
/usr/x86_64-w64-mingw32/bin/ld: CMakeFiles/taalcha.dir/slint_generated_app_1.cpp.obj:slint_generated_app_1.cpp:(.text+0x7dbf1): undefined reference to `__imp_slint_get_EmptyVTable'
/usr/x86_64-w64-mingw32/bin/ld: CMakeFiles/taalcha.dir/slint_generated_app_1.cpp.obj:slint_generated_app_1.cpp:(.text+0x7e0f1): undefined reference to `__imp_slint_get_EmptyVTable'
/usr/x86_64-w64-mingw32/bin/ld: CMakeFiles/taalcha.dir/slint_generated_app_1.cpp.obj:slint_generated_app_1.cpp:(.text+0x7e4fb): undefined reference to `__imp_slint_get_EmptyVTable'
/usr/x86_64-w64-mingw32/bin/ld: CMakeFiles/taalcha.dir/slint_generated_app_1.cpp.obj:slint_generated_app_1.cpp:(.text+0x7ea41): undefined reference to `__imp_slint_get_SimpleTextVTable'
/usr/x86_64-w64-mingw32/bin/ld: CMakeFiles/taalcha.dir/slint_generated_app_1.cpp.obj:slint_generated_app_1.cpp:(.text+0x7eb06): undefined reference to `__imp_slint_get_SimpleTextVTable'
/usr/x86_64-w64-mingw32/bin/ld: CMakeFiles/taalcha.dir/slint_generated_app_1.cpp.obj:slint_generated_app_1.cpp:(.text+0x7ede1): undefined reference to `__imp_slint_get_SimpleTextVTable'
/usr/x86_64-w64-mingw32/bin/ld: CMakeFiles/taalcha.dir/slint_generated_app_1.cpp.obj:slint_generated_app_1.cpp:(.text+0x7ee9e): undefined reference to `__imp_slint_get_SimpleTextVTable'
/usr/x86_64-w64-mingw32/bin/ld: CMakeFiles/taalcha.dir/slint_generated_app_1.cpp.obj:slint_generated_app_1.cpp:(.text+0x7f135): undefined reference to `__imp_slint_get_SimpleTextVTable'
/usr/x86_64-w64-mingw32/bin/ld: CMakeFiles/taalcha.dir/slint_generated_app_1.cpp.obj:slint_generated_app_1.cpp:(.text+0x7f1f2): more undefined references to `__imp_slint_get_SimpleTextVTable' follow
/usr/x86_64-w64-mingw32/bin/ld: CMakeFiles/taalcha.dir/slint_generated_app_1.cpp.obj:slint_generated_app_1.cpp:(.text+0x7f43d): undefined reference to `__imp_slint_get_FlickableVTable'
/usr/x86_64-w64-mingw32/bin/ld: CMakeFiles/taalcha.dir/slint_generated_app_1.cpp.obj:slint_generated_app_1.cpp:(.text+0x7f539): undefined reference to `__imp_slint_get_FlickableVTable'
/usr/x86_64-w64-mingw32/bin/ld: CMakeFiles/taalcha.dir/slint_generated_app_1.cpp.obj:slint_generated_app_1.cpp:(.text+0x7f635): undefined reference to `__imp_slint_get_FlickableVTable'
/usr/x86_64-w64-mingw32/bin/ld: CMakeFiles/taalcha.dir/slint_generated_app_1.cpp.obj:slint_generated_app_1.cpp:(.text+0x7f731): undefined reference to `__imp_slint_get_FlickableVTable'
/usr/x86_64-w64-mingw32/bin/ld: CMakeFiles/taalcha.dir/slint_generated_app_1.cpp.obj:slint_generated_app_1.cpp:(.text+0x7f82d): undefined reference to `__imp_slint_get_FlickableVTable'
/usr/x86_64-w64-mingw32/bin/ld: CMakeFiles/taalcha.dir/slint_generated_app_1.cpp.obj:slint_generated_app_1.cpp:(.text+0x7f929): more undefined references to `__imp_slint_get_FlickableVTable' follow
/usr/x86_64-w64-mingw32/bin/ld: CMakeFiles/taalcha.dir/slint_generated_app_1.cpp.obj:slint_generated_app_1.cpp:(.text+0x8986e): undefined reference to `__imp_slint_get_EmptyVTable'
/usr/x86_64-w64-mingw32/bin/ld: CMakeFiles/taalcha.dir/slint_generated_app_1.cpp.obj:slint_generated_app_1.cpp:(.text+0x8987e): undefined reference to `__imp_slint_get_FlickableVTable'
/usr/x86_64-w64-mingw32/bin/ld: CMakeFiles/taalcha.dir/slint_generated_app_1.cpp.obj:slint_generated_app_1.cpp:(.text+0x8988e): undefined reference to `__imp_slint_get_ClipVTable'
/usr/x86_64-w64-mingw32/bin/ld: CMakeFiles/taalcha.dir/slint_generated_app_1.cpp.obj:slint_generated_app_1.cpp:(.text+0x8989e): undefined reference to `__imp_slint_get_ClipVTable'
/usr/x86_64-w64-mingw32/bin/ld: CMakeFiles/taalcha.dir/slint_generated_app_1.cpp.obj:slint_generated_app_1.cpp:(.text+0x898ae): undefined reference to `__imp_slint_get_EmptyVTable'
/usr/x86_64-w64-mingw32/bin/ld: CMakeFiles/taalcha.dir/slint_generated_app_1.cpp.obj:slint_generated_app_1.cpp:(.text+0x898be): undefined reference to `__imp_slint_get_EmptyVTable'
/usr/x86_64-w64-mingw32/bin/ld: CMakeFiles/taalcha.dir/slint_generated_app_1.cpp.obj:slint_generated_app_1.cpp:(.text+0x898ce): undefined reference to `__imp_slint_get_RectangleVTable'
/usr/x86_64-w64-mingw32/bin/ld: CMakeFiles/taalcha.dir/slint_generated_app_1.cpp.obj:slint_generated_app_1.cpp:(.text+0x898de): undefined reference to `__imp_slint_get_EmptyVTable'
/usr/x86_64-w64-mingw32/bin/ld: CMakeFiles/taalcha.dir/slint_generated_app_1.cpp.obj:slint_generated_app_1.cpp:(.text+0x898ee): undefined reference to `__imp_slint_get_EmptyVTable'
/usr/x86_64-w64-mingw32/bin/ld: CMakeFiles/taalcha.dir/slint_generated_app_1.cpp.obj:slint_generated_app_1.cpp:(.text+0x898fe): undefined reference to `__imp_slint_get_EmptyVTable'
/usr/x86_64-w64-mingw32/bin/ld: CMakeFiles/taalcha.dir/slint_generated_app_1.cpp.obj:slint_generated_app_1.cpp:(.text+0x8990e): undefined reference to `__imp_slint_get_EmptyVTable'
/usr/x86_64-w64-mingw32/bin/ld: CMakeFiles/taalcha.dir/slint_generated_app_1.cpp.obj:slint_generated_app_1.cpp:(.text+0x8991e): undefined reference to `__imp_slint_get_BasicBorderRectangleVTable'
/usr/x86_64-w64-mingw32/bin/ld: CMakeFiles/taalcha.dir/slint_generated_app_1.cpp.obj:slint_generated_app_1.cpp:(.text+0x8992e): undefined reference to `__imp_slint_get_ClipVTable'
/usr/x86_64-w64-mingw32/bin/ld: CMakeFiles/taalcha.dir/slint_generated_app_1.cpp.obj:slint_generated_app_1.cpp:(.text+0x8993e): undefined reference to `__imp_slint_get_SimpleTextVTable'
/usr/x86_64-w64-mingw32/bin/ld: CMakeFiles/taalcha.dir/slint_generated_app_1.cpp.obj:slint_generated_app_1.cpp:(.text+0x8994e): undefined reference to `__imp_slint_get_SimpleTextVTable'
/usr/x86_64-w64-mingw32/bin/ld: CMakeFiles/taalcha.dir/slint_generated_app_1.cpp.obj:slint_generated_app_1.cpp:(.text+0x8995e): undefined reference to `__imp_slint_get_TouchAreaVTable'
/usr/x86_64-w64-mingw32/bin/ld: CMakeFiles/taalcha.dir/slint_generated_app_1.cpp.obj:slint_generated_app_1.cpp:(.text+0x8996e): undefined reference to `__imp_slint_get_BasicBorderRectangleVTable'
/usr/x86_64-w64-mingw32/bin/ld: CMakeFiles/taalcha.dir/slint_generated_app_1.cpp.obj:slint_generated_app_1.cpp:(.text+0x8997e): undefined reference to `__imp_slint_get_SimpleTextVTable'
/usr/x86_64-w64-mingw32/bin/ld: CMakeFiles/taalcha.dir/slint_generated_app_1.cpp.obj:slint_generated_app_1.cpp:(.text+0x8998e): undefined reference to `__imp_slint_get_BasicBorderRectangleVTable'
/usr/x86_64-w64-mingw32/bin/ld: CMakeFiles/taalcha.dir/slint_generated_app_1.cpp.obj:slint_generated_app_1.cpp:(.text+0x8999e): undefined reference to `__imp_slint_get_ClipVTable'
/usr/x86_64-w64-mingw32/bin/ld: CMakeFiles/taalcha.dir/slint_generated_app_1.cpp.obj:slint_generated_app_1.cpp:(.text+0x899ae): undefined reference to `__imp_slint_get_BasicBorderRectangleVTable'
/usr/x86_64-w64-mingw32/bin/ld: CMakeFiles/taalcha.dir/slint_generated_app_1.cpp.obj:slint_generated_app_1.cpp:(.text+0x899be): undefined reference to `__imp_slint_get_TouchAreaVTable'
/usr/x86_64-w64-mingw32/bin/ld: CMakeFiles/taalcha.dir/slint_generated_app_1.cpp.obj:slint_generated_app_1.cpp:(.text+0x899ce): undefined reference to `__imp_slint_get_OpacityVTable'
/usr/x86_64-w64-mingw32/bin/ld: CMakeFiles/taalcha.dir/slint_generated_app_1.cpp.obj:slint_generated_app_1.cpp:(.text+0x899de): undefined reference to `__imp_slint_get_OpacityVTable'
/usr/x86_64-w64-mingw32/bin/ld: CMakeFiles/taalcha.dir/slint_generated_app_1.cpp.obj:slint_generated_app_1.cpp:(.text+0x899ee): undefined reference to `__imp_slint_get_TouchAreaVTable'
/usr/x86_64-w64-mingw32/bin/ld: CMakeFiles/taalcha.dir/slint_generated_app_1.cpp.obj:slint_generated_app_1.cpp:(.text+0x899fe): undefined reference to `__imp_slint_get_OpacityVTable'
/usr/x86_64-w64-mingw32/bin/ld: CMakeFiles/taalcha.dir/slint_generated_app_1.cpp.obj:slint_generated_app_1.cpp:(.text+0x89a0e): undefined reference to `__imp_slint_get_ImageItemVTable'
/usr/x86_64-w64-mingw32/bin/ld: CMakeFiles/taalcha.dir/slint_generated_app_1.cpp.obj:slint_generated_app_1.cpp:(.text+0x89a1e): undefined reference to `__imp_slint_get_TouchAreaVTable'
/usr/x86_64-w64-mingw32/bin/ld: CMakeFiles/taalcha.dir/slint_generated_app_1.cpp.obj:slint_generated_app_1.cpp:(.text+0x89a2e): undefined reference to `__imp_slint_get_OpacityVTable'
/usr/x86_64-w64-mingw32/bin/ld: CMakeFiles/taalcha.dir/slint_generated_app_1.cpp.obj:slint_generated_app_1.cpp:(.text+0x89a3e): undefined reference to `__imp_slint_get_ImageItemVTable'
/usr/x86_64-w64-mingw32/bin/ld: CMakeFiles/taalcha.dir/slint_generated_app_1.cpp.obj:slint_generated_app_1.cpp:(.text+0x89a4e): undefined reference to `__imp_slint_get_BasicBorderRectangleVTable'
/usr/x86_64-w64-mingw32/bin/ld: CMakeFiles/taalcha.dir/slint_generated_app_1.cpp.obj:slint_generated_app_1.cpp:(.text+0x89a5e): undefined reference to `__imp_slint_get_ClipVTable'
/usr/x86_64-w64-mingw32/bin/ld: CMakeFiles/taalcha.dir/slint_generated_app_1.cpp.obj:slint_generated_app_1.cpp:(.text+0x89a6e): undefined reference to `__imp_slint_get_BasicBorderRectangleVTable'
/usr/x86_64-w64-mingw32/bin/ld: CMakeFiles/taalcha.dir/slint_generated_app_1.cpp.obj:slint_generated_app_1.cpp:(.text+0x89a7e): undefined reference to `__imp_slint_get_TouchAreaVTable'
/usr/x86_64-w64-mingw32/bin/ld: CMakeFiles/taalcha.dir/slint_generated_app_1.cpp.obj:slint_generated_app_1.cpp:(.text+0x89a8e): undefined reference to `__imp_slint_get_OpacityVTable'
/usr/x86_64-w64-mingw32/bin/ld: CMakeFiles/taalcha.dir/slint_generated_app_1.cpp.obj:slint_generated_app_1.cpp:(.text+0x89a9e): undefined reference to `__imp_slint_get_OpacityVTable'
/usr/x86_64-w64-mingw32/bin/ld: CMakeFiles/taalcha.dir/slint_generated_app_1.cpp.obj:slint_generated_app_1.cpp:(.text+0x89aae): undefined reference to `__imp_slint_get_TouchAreaVTable'
/usr/x86_64-w64-mingw32/bin/ld: CMakeFiles/taalcha.dir/slint_generated_app_1.cpp.obj:slint_generated_app_1.cpp:(.text+0x89abe): undefined reference to `__imp_slint_get_OpacityVTable'
/usr/x86_64-w64-mingw32/bin/ld: CMakeFiles/taalcha.dir/slint_generated_app_1.cpp.obj:slint_generated_app_1.cpp:(.text+0x89ace): undefined reference to `__imp_slint_get_ImageItemVTable'
/usr/x86_64-w64-mingw32/bin/ld: CMakeFiles/taalcha.dir/slint_generated_app_1.cpp.obj:slint_generated_app_1.cpp:(.text+0x89ade): undefined reference to `__imp_slint_get_TouchAreaVTable'
/usr/x86_64-w64-mingw32/bin/ld: CMakeFiles/taalcha.dir/slint_generated_app_1.cpp.obj:slint_generated_app_1.cpp:(.text+0x89aee): undefined reference to `__imp_slint_get_OpacityVTable'
/usr/x86_64-w64-mingw32/bin/ld: CMakeFiles/taalcha.dir/slint_generated_app_1.cpp.obj:slint_generated_app_1.cpp:(.text+0x89afe): undefined reference to `__imp_slint_get_ImageItemVTable'
/usr/x86_64-w64-mingw32/bin/ld: CMakeFiles/taalcha.dir/slint_generated_app_1.cpp.obj:slint_generated_app_1.cpp:(.text+0x8afea): undefined reference to `__imp_slint_get_RectangleVTable'
/usr/x86_64-w64-mingw32/bin/ld: CMakeFiles/taalcha.dir/slint_generated_app_1.cpp.obj:slint_generated_app_1.cpp:(.text+0x8b3c5): undefined reference to `__imp_slint_get_SimpleTextVTable'
/usr/x86_64-w64-mingw32/bin/ld: CMakeFiles/taalcha.dir/slint_generated_app_1.cpp.obj:slint_generated_app_1.cpp:(.text+0x8de44): undefined reference to `__imp_slint_get_SimpleTextVTable'
/usr/x86_64-w64-mingw32/bin/ld: CMakeFiles/taalcha.dir/slint_generated_app_1.cpp.obj:slint_generated_app_1.cpp:(.text+0x8e26a): undefined reference to `__imp_slint_get_SimpleTextVTable'
/usr/x86_64-w64-mingw32/bin/ld: CMakeFiles/taalcha.dir/slint_generated_app_1.cpp.obj:slint_generated_app_1.cpp:(.text+0x8e660): undefined reference to `__imp_slint_get_SimpleTextVTable'
/usr/x86_64-w64-mingw32/bin/ld: CMakeFiles/taalcha.dir/slint_generated_app_1.cpp.obj:slint_generated_app_1.cpp:(.text+0x8ede9): undefined reference to `__imp_slint_get_RectangleVTable'
/usr/x86_64-w64-mingw32/bin/ld: CMakeFiles/taalcha.dir/slint_generated_app_1.cpp.obj:slint_generated_app_1.cpp:(.text+0x8f805): undefined reference to `__imp_slint_get_RectangleVTable'
/usr/x86_64-w64-mingw32/bin/ld: CMakeFiles/taalcha.dir/slint_generated_app_1.cpp.obj:slint_generated_app_1.cpp:(.text+0x8ffb5): undefined reference to `__imp_slint_get_RectangleVTable'
/usr/x86_64-w64-mingw32/bin/ld: CMakeFiles/taalcha.dir/slint_generated_app_1.cpp.obj:slint_generated_app_1.cpp:(.text+0x90c8d): undefined reference to `__imp_slint_get_ComplexTextVTable'
/usr/x86_64-w64-mingw32/bin/ld: CMakeFiles/taalcha.dir/slint_generated_app_1.cpp.obj:slint_generated_app_1.cpp:(.text+0x9173d): undefined reference to `__imp_slint_get_ComplexTextVTable'
/usr/x86_64-w64-mingw32/bin/ld: CMakeFiles/taalcha.dir/slint_generated_app_1.cpp.obj:slint_generated_app_1.cpp:(.text+0x92161): undefined reference to `__imp_slint_get_ComplexTextVTable'
/usr/x86_64-w64-mingw32/bin/ld: CMakeFiles/taalcha.dir/slint_generated_app_1.cpp.obj:slint_generated_app_1.cpp:(.text+0x9290b): undefined reference to `__imp_slint_get_SimpleTextVTable'
/usr/x86_64-w64-mingw32/bin/ld: CMakeFiles/taalcha.dir/slint_generated_app_1.cpp.obj:slint_generated_app_1.cpp:(.text+0x93300): undefined reference to `__imp_slint_get_SimpleTextVTable'
/usr/x86_64-w64-mingw32/bin/ld: CMakeFiles/taalcha.dir/slint_generated_app_1.cpp.obj:slint_generated_app_1.cpp:(.text+0x936d1): undefined reference to `__imp_slint_get_SimpleTextVTable'
/usr/x86_64-w64-mingw32/bin/ld: CMakeFiles/taalcha.dir/slint_generated_app_1.cpp.obj:slint_generated_app_1.cpp:(.text+0x9422b): undefined reference to `__imp_slint_get_EmptyVTable'
/usr/x86_64-w64-mingw32/bin/ld: CMakeFiles/taalcha.dir/slint_generated_app_1.cpp.obj:slint_generated_app_1.cpp:(.text+0x948c0): undefined reference to `__imp_slint_get_EmptyVTable'
/usr/x86_64-w64-mingw32/bin/ld: CMakeFiles/taalcha.dir/slint_generated_app_1.cpp.obj:slint_generated_app_1.cpp:(.text+0x94b67): undefined reference to `__imp_slint_get_EmptyVTable'
/usr/x86_64-w64-mingw32/bin/ld: CMakeFiles/taalcha.dir/slint_generated_app_1.cpp.obj:slint_generated_app_1.cpp:(.text+0x94f5e): undefined reference to `__imp_slint_get_FlickableVTable'
/usr/x86_64-w64-mingw32/bin/ld: CMakeFiles/taalcha.dir/slint_generated_app_1.cpp.obj:slint_generated_app_1.cpp:(.text+0x9505c): undefined reference to `__imp_slint_get_FlickableVTable'
/usr/x86_64-w64-mingw32/bin/ld: CMakeFiles/taalcha.dir/slint_generated_app_1.cpp.obj:slint_generated_app_1.cpp:(.text+0x9515a): undefined reference to `__imp_slint_get_FlickableVTable'
/usr/x86_64-w64-mingw32/bin/ld: CMakeFiles/taalcha.dir/slint_generated_app_1.cpp.obj:slint_generated_app_1.cpp:(.text+0x95258): undefined reference to `__imp_slint_get_FlickableVTable'
/usr/x86_64-w64-mingw32/bin/ld: CMakeFiles/taalcha.dir/slint_generated_app_1.cpp.obj:slint_generated_app_1.cpp:(.text+0x95356): undefined reference to `__imp_slint_get_FlickableVTable'
/usr/x86_64-w64-mingw32/bin/ld: CMakeFiles/taalcha.dir/slint_generated_app_1.cpp.obj:slint_generated_app_1.cpp:(.text+0x95454): more undefined references to `__imp_slint_get_FlickableVTable' follow
/usr/x86_64-w64-mingw32/bin/ld: CMakeFiles/taalcha.dir/slint_generated_app_1.cpp.obj:slint_generated_app_1.cpp:(.text+0x96714): undefined reference to `__imp_slint_get_SimpleTextVTable'
/usr/x86_64-w64-mingw32/bin/ld: CMakeFiles/taalcha.dir/slint_generated_app_1.cpp.obj:slint_generated_app_1.cpp:(.text+0x96940): undefined reference to `__imp_slint_get_SimpleTextVTable'
/usr/x86_64-w64-mingw32/bin/ld: CMakeFiles/taalcha.dir/slint_generated_app_1.cpp.obj:slint_generated_app_1.cpp:(.text+0x96bac): undefined reference to `__imp_slint_get_SimpleTextVTable'
/usr/x86_64-w64-mingw32/bin/ld: CMakeFiles/taalcha.dir/slint_generated_app_1.cpp.obj:slint_generated_app_1.cpp:(.text+0x96dd8): undefined reference to `__imp_slint_get_SimpleTextVTable'
/usr/x86_64-w64-mingw32/bin/ld: CMakeFiles/taalcha.dir/slint_generated_app_1.cpp.obj:slint_generated_app_1.cpp:(.text+0x97004): undefined reference to `__imp_slint_get_SimpleTextVTable'
/usr/x86_64-w64-mingw32/bin/ld: CMakeFiles/taalcha.dir/slint_generated_app_1.cpp.obj:slint_generated_app_1.cpp:(.text+0x97230): more undefined references to `__imp_slint_get_SimpleTextVTable' follow
/usr/x86_64-w64-mingw32/bin/ld: CMakeFiles/taalcha.dir/slint_generated_app_1.cpp.obj:slint_generated_app_1.cpp:(.text+0xac74e): undefined reference to `__imp_slint_get_RectangleVTable'
/usr/x86_64-w64-mingw32/bin/ld: CMakeFiles/taalcha.dir/slint_generated_app_1.cpp.obj:slint_generated_app_1.cpp:(.text+0xac75e): undefined reference to `__imp_slint_get_RectangleVTable'
/usr/x86_64-w64-mingw32/bin/ld: CMakeFiles/taalcha.dir/slint_generated_app_1.cpp.obj:slint_generated_app_1.cpp:(.text+0xac76e): undefined reference to `__imp_slint_get_EmptyVTable'
/usr/x86_64-w64-mingw32/bin/ld: CMakeFiles/taalcha.dir/slint_generated_app_1.cpp.obj:slint_generated_app_1.cpp:(.text+0xac77e): undefined reference to `__imp_slint_get_RectangleVTable'
/usr/x86_64-w64-mingw32/bin/ld: CMakeFiles/taalcha.dir/slint_generated_app_1.cpp.obj:slint_generated_app_1.cpp:(.text+0xac78e): undefined reference to `__imp_slint_get_EmptyVTable'
/usr/x86_64-w64-mingw32/bin/ld: CMakeFiles/taalcha.dir/slint_generated_app_1.cpp.obj:slint_generated_app_1.cpp:(.text+0xac79e): undefined reference to `__imp_slint_get_EmptyVTable'
/usr/x86_64-w64-mingw32/bin/ld: CMakeFiles/taalcha.dir/slint_generated_app_1.cpp.obj:slint_generated_app_1.cpp:(.text+0xac7ae): undefined reference to `__imp_slint_get_BasicBorderRectangleVTable'
/usr/x86_64-w64-mingw32/bin/ld: CMakeFiles/taalcha.dir/slint_generated_app_1.cpp.obj:slint_generated_app_1.cpp:(.text+0xac7be): undefined reference to `__imp_slint_get_SimpleTextVTable'
/usr/x86_64-w64-mingw32/bin/ld: CMakeFiles/taalcha.dir/slint_generated_app_1.cpp.obj:slint_generated_app_1.cpp:(.text+0xac7ce): undefined reference to `__imp_slint_get_SimpleTextVTable'
/usr/x86_64-w64-mingw32/bin/ld: CMakeFiles/taalcha.dir/slint_generated_app_1.cpp.obj:slint_generated_app_1.cpp:(.text+0xac7de): undefined reference to `__imp_slint_get_TouchAreaVTable'
/usr/x86_64-w64-mingw32/bin/ld: CMakeFiles/taalcha.dir/slint_generated_app_1.cpp.obj:slint_generated_app_1.cpp:(.text+0xac7ee): undefined reference to `__imp_slint_get_BasicBorderRectangleVTable'
/usr/x86_64-w64-mingw32/bin/ld: CMakeFiles/taalcha.dir/slint_generated_app_1.cpp.obj:slint_generated_app_1.cpp:(.text+0xac7fe): undefined reference to `__imp_slint_get_SimpleTextVTable'
/usr/x86_64-w64-mingw32/bin/ld: CMakeFiles/taalcha.dir/slint_generated_app_1.cpp.obj:slint_generated_app_1.cpp:(.text+0xac80e): undefined reference to `__imp_slint_get_RectangleVTable'
/usr/x86_64-w64-mingw32/bin/ld: CMakeFiles/taalcha.dir/slint_generated_app_1.cpp.obj:slint_generated_app_1.cpp:(.text+0xac81e): undefined reference to `__imp_slint_get_RectangleVTable'
/usr/x86_64-w64-mingw32/bin/ld: CMakeFiles/taalcha.dir/slint_generated_app_1.cpp.obj:slint_generated_app_1.cpp:(.text+0xac82e): undefined reference to `__imp_slint_get_RectangleVTable'
/usr/x86_64-w64-mingw32/bin/ld: CMakeFiles/taalcha.dir/slint_generated_app_1.cpp.obj:slint_generated_app_1.cpp:(.text+0xac83e): undefined reference to `__imp_slint_get_RectangleVTable'
/usr/x86_64-w64-mingw32/bin/ld: CMakeFiles/taalcha.dir/slint_generated_app_1.cpp.obj:slint_generated_app_1.cpp:(.text+0xac84e): undefined reference to `__imp_slint_get_FlickableVTable'
/usr/x86_64-w64-mingw32/bin/ld: CMakeFiles/taalcha.dir/slint_generated_app_1.cpp.obj:slint_generated_app_1.cpp:(.text+0xac85e): undefined reference to `__imp_slint_get_ClipVTable'
/usr/x86_64-w64-mingw32/bin/ld: CMakeFiles/taalcha.dir/slint_generated_app_1.cpp.obj:slint_generated_app_1.cpp:(.text+0xac86e): undefined reference to `__imp_slint_get_ClipVTable'
/usr/x86_64-w64-mingw32/bin/ld: CMakeFiles/taalcha.dir/slint_generated_app_1.cpp.obj:slint_generated_app_1.cpp:(.text+0xac87e): undefined reference to `__imp_slint_get_EmptyVTable'
/usr/x86_64-w64-mingw32/bin/ld: CMakeFiles/taalcha.dir/slint_generated_app_1.cpp.obj:slint_generated_app_1.cpp:(.text+0xac88e): undefined reference to `__imp_slint_get_ComplexTextVTable'
/usr/x86_64-w64-mingw32/bin/ld: CMakeFiles/taalcha.dir/slint_generated_app_1.cpp.obj:slint_generated_app_1.cpp:(.text+0xac89e): undefined reference to `__imp_slint_get_EmptyVTable'
/usr/x86_64-w64-mingw32/bin/ld: CMakeFiles/taalcha.dir/slint_generated_app_1.cpp.obj:slint_generated_app_1.cpp:(.text+0xac8ae): undefined reference to `__imp_slint_get_EmptyVTable'
/usr/x86_64-w64-mingw32/bin/ld: CMakeFiles/taalcha.dir/slint_generated_app_1.cpp.obj:slint_generated_app_1.cpp:(.text+0xac8be): undefined reference to `__imp_slint_get_EmptyVTable'
/usr/x86_64-w64-mingw32/bin/ld: CMakeFiles/taalcha.dir/slint_generated_app_1.cpp.obj:slint_generated_app_1.cpp:(.text+0xac8ce): undefined reference to `__imp_slint_get_BasicBorderRectangleVTable'
/usr/x86_64-w64-mingw32/bin/ld: CMakeFiles/taalcha.dir/slint_generated_app_1.cpp.obj:slint_generated_app_1.cpp:(.text+0xac8de): undefined reference to `__imp_slint_get_BasicBorderRectangleVTable'
/usr/x86_64-w64-mingw32/bin/ld: CMakeFiles/taalcha.dir/slint_generated_app_1.cpp.obj:slint_generated_app_1.cpp:(.text+0xac8ee): undefined reference to `__imp_slint_get_SimpleTextVTable'
/usr/x86_64-w64-mingw32/bin/ld: CMakeFiles/taalcha.dir/slint_generated_app_1.cpp.obj:slint_generated_app_1.cpp:(.text+0xac8fe): undefined reference to `__imp_slint_get_TouchAreaVTable'
/usr/x86_64-w64-mingw32/bin/ld: CMakeFiles/taalcha.dir/slint_generated_app_1.cpp.obj:slint_generated_app_1.cpp:(.text+0xac90e): undefined reference to `__imp_slint_get_SimpleTextVTable'
/usr/x86_64-w64-mingw32/bin/ld: CMakeFiles/taalcha.dir/slint_generated_app_1.cpp.obj:slint_generated_app_1.cpp:(.text+0xac91e): undefined reference to `__imp_slint_get_TouchAreaVTable'
/usr/x86_64-w64-mingw32/bin/ld: CMakeFiles/taalcha.dir/slint_generated_app_1.cpp.obj:slint_generated_app_1.cpp:(.text+0xac92e): undefined reference to `__imp_slint_get_BasicBorderRectangleVTable'
/usr/x86_64-w64-mingw32/bin/ld: CMakeFiles/taalcha.dir/slint_generated_app_1.cpp.obj:slint_generated_app_1.cpp:(.text+0xac93e): undefined reference to `__imp_slint_get_EmptyVTable'
/usr/x86_64-w64-mingw32/bin/ld: CMakeFiles/taalcha.dir/slint_generated_app_1.cpp.obj:slint_generated_app_1.cpp:(.text+0xac94e): undefined reference to `__imp_slint_get_BasicBorderRectangleVTable'
/usr/x86_64-w64-mingw32/bin/ld: CMakeFiles/taalcha.dir/slint_generated_app_1.cpp.obj:slint_generated_app_1.cpp:(.text+0xac95e): undefined reference to `__imp_slint_get_ClipVTable'
/usr/x86_64-w64-mingw32/bin/ld: CMakeFiles/taalcha.dir/slint_generated_app_1.cpp.obj:slint_generated_app_1.cpp:(.text+0xac96e): undefined reference to `__imp_slint_get_ComplexTextVTable'
/usr/x86_64-w64-mingw32/bin/ld: CMakeFiles/taalcha.dir/slint_generated_app_1.cpp.obj:slint_generated_app_1.cpp:(.text+0xac97e): undefined reference to `__imp_slint_get_ContextMenuVTable'
/usr/x86_64-w64-mingw32/bin/ld: CMakeFiles/taalcha.dir/slint_generated_app_1.cpp.obj:slint_generated_app_1.cpp:(.text+0xac98e): undefined reference to `__imp_slint_get_TextInputVTable'
/usr/x86_64-w64-mingw32/bin/ld: CMakeFiles/taalcha.dir/slint_generated_app_1.cpp.obj:slint_generated_app_1.cpp:(.text+0xac99e): undefined reference to `__imp_slint_get_RectangleVTable'
/usr/x86_64-w64-mingw32/bin/ld: CMakeFiles/taalcha.dir/slint_generated_app_1.cpp.obj:slint_generated_app_1.cpp:(.text+0xac9ae): undefined reference to `__imp_slint_get_ComplexTextVTable'
/usr/x86_64-w64-mingw32/bin/ld: CMakeFiles/taalcha.dir/slint_generated_app_1.cpp.obj:slint_generated_app_1.cpp:(.text+0xac9be): undefined reference to `__imp_slint_get_BasicBorderRectangleVTable'
/usr/x86_64-w64-mingw32/bin/ld: CMakeFiles/taalcha.dir/slint_generated_app_1.cpp.obj:slint_generated_app_1.cpp:(.text+0xac9ce): undefined reference to `__imp_slint_get_EmptyVTable'
/usr/x86_64-w64-mingw32/bin/ld: CMakeFiles/taalcha.dir/slint_generated_app_1.cpp.obj:slint_generated_app_1.cpp:(.text+0xac9de): undefined reference to `__imp_slint_get_EmptyVTable'
/usr/x86_64-w64-mingw32/bin/ld: CMakeFiles/taalcha.dir/slint_generated_app_1.cpp.obj:slint_generated_app_1.cpp:(.text+0xac9ee): undefined reference to `__imp_slint_get_EmptyVTable'
/usr/x86_64-w64-mingw32/bin/ld: CMakeFiles/taalcha.dir/slint_generated_app_1.cpp.obj:slint_generated_app_1.cpp:(.text+0xac9fe): undefined reference to `__imp_slint_get_EmptyVTable'
/usr/x86_64-w64-mingw32/bin/ld: CMakeFiles/taalcha.dir/slint_generated_app_1.cpp.obj:slint_generated_app_1.cpp:(.text+0xaca0e): undefined reference to `__imp_slint_get_EmptyVTable'
/usr/x86_64-w64-mingw32/bin/ld: CMakeFiles/taalcha.dir/slint_generated_app_1.cpp.obj:slint_generated_app_1.cpp:(.text+0xaca1e): undefined reference to `__imp_slint_get_ComplexTextVTable'
/usr/x86_64-w64-mingw32/bin/ld: CMakeFiles/taalcha.dir/slint_generated_app_1.cpp.obj:slint_generated_app_1.cpp:(.text+0xaca2e): undefined reference to `__imp_slint_get_TouchAreaVTable'
/usr/x86_64-w64-mingw32/bin/ld: CMakeFiles/taalcha.dir/slint_generated_app_1.cpp.obj:slint_generated_app_1.cpp:(.text+0xaca3e): undefined reference to `__imp_slint_get_BasicBorderRectangleVTable'
/usr/x86_64-w64-mingw32/bin/ld: CMakeFiles/taalcha.dir/slint_generated_app_1.cpp.obj:slint_generated_app_1.cpp:(.text+0xaca4e): undefined reference to `__imp_slint_get_SimpleTextVTable'
/usr/x86_64-w64-mingw32/bin/ld: CMakeFiles/taalcha.dir/slint_generated_app_1.cpp.obj:slint_generated_app_1.cpp:(.text+0xaca5e): undefined reference to `__imp_slint_get_SimpleTextVTable'
/usr/x86_64-w64-mingw32/bin/ld: CMakeFiles/taalcha.dir/slint_generated_app_1.cpp.obj:slint_generated_app_1.cpp:(.text+0xaca6e): undefined reference to `__imp_slint_get_EmptyVTable'
/usr/x86_64-w64-mingw32/bin/ld: CMakeFiles/taalcha.dir/slint_generated_app_1.cpp.obj:slint_generated_app_1.cpp:(.text+0xaca7e): undefined reference to `__imp_slint_get_TouchAreaVTable'
/usr/x86_64-w64-mingw32/bin/ld: CMakeFiles/taalcha.dir/slint_generated_app_1.cpp.obj:slint_generated_app_1.cpp:(.text+0xaca8e): undefined reference to `__imp_slint_get_SimpleTextVTable'
/usr/x86_64-w64-mingw32/bin/ld: CMakeFiles/taalcha.dir/slint_generated_app_1.cpp.obj:slint_generated_app_1.cpp:(.text+0xaca9e): undefined reference to `__imp_slint_get_TouchAreaVTable'
/usr/x86_64-w64-mingw32/bin/ld: CMakeFiles/taalcha.dir/slint_generated_app_1.cpp.obj:slint_generated_app_1.cpp:(.text+0xacaae): undefined reference to `__imp_slint_get_BasicBorderRectangleVTable'
/usr/x86_64-w64-mingw32/bin/ld: CMakeFiles/taalcha.dir/slint_generated_app_1.cpp.obj:slint_generated_app_1.cpp:(.text+0xacabe): undefined reference to `__imp_slint_get_SimpleTextVTable'
/usr/x86_64-w64-mingw32/bin/ld: CMakeFiles/taalcha.dir/slint_generated_app_1.cpp.obj:slint_generated_app_1.cpp:(.text+0xacace): undefined reference to `__imp_slint_get_BasicBorderRectangleVTable'
/usr/x86_64-w64-mingw32/bin/ld: CMakeFiles/taalcha.dir/slint_generated_app_1.cpp.obj:slint_generated_app_1.cpp:(.text+0xacade): undefined reference to `__imp_slint_get_SimpleTextVTable'
/usr/x86_64-w64-mingw32/bin/ld: CMakeFiles/taalcha.dir/slint_generated_app_1.cpp.obj:slint_generated_app_1.cpp:(.text+0xacaee): undefined reference to `__imp_slint_get_SimpleTextVTable'
/usr/x86_64-w64-mingw32/bin/ld: CMakeFiles/taalcha.dir/slint_generated_app_1.cpp.obj:slint_generated_app_1.cpp:(.text+0xacafe): undefined reference to `__imp_slint_get_TouchAreaVTable'
/usr/x86_64-w64-mingw32/bin/ld: CMakeFiles/taalcha.dir/slint_generated_app_1.cpp.obj:slint_generated_app_1.cpp:(.text+0xacb0e): undefined reference to `__imp_slint_get_BasicBorderRectangleVTable'
/usr/x86_64-w64-mingw32/bin/ld: CMakeFiles/taalcha.dir/slint_generated_app_1.cpp.obj:slint_generated_app_1.cpp:(.text+0xacb1e): undefined reference to `__imp_slint_get_BasicBorderRectangleVTable'
/usr/x86_64-w64-mingw32/bin/ld: CMakeFiles/taalcha.dir/slint_generated_app_1.cpp.obj:slint_generated_app_1.cpp:(.text+0xacb2e): undefined reference to `__imp_slint_get_SimpleTextVTable'
/usr/x86_64-w64-mingw32/bin/ld: CMakeFiles/taalcha.dir/slint_generated_app_1.cpp.obj:slint_generated_app_1.cpp:(.text+0xacb3e): undefined reference to `__imp_slint_get_TouchAreaVTable'
/usr/x86_64-w64-mingw32/bin/ld: CMakeFiles/taalcha.dir/slint_generated_app_1.cpp.obj:slint_generated_app_1.cpp:(.text+0xacb4e): undefined reference to `__imp_slint_get_BasicBorderRectangleVTable'
/usr/x86_64-w64-mingw32/bin/ld: CMakeFiles/taalcha.dir/slint_generated_app_1.cpp.obj:slint_generated_app_1.cpp:(.text+0xacb5e): undefined reference to `__imp_slint_get_BasicBorderRectangleVTable'
/usr/x86_64-w64-mingw32/bin/ld: CMakeFiles/taalcha.dir/slint_generated_app_1.cpp.obj:slint_generated_app_1.cpp:(.text+0xacb6e): undefined reference to `__imp_slint_get_SimpleTextVTable'
/usr/x86_64-w64-mingw32/bin/ld: CMakeFiles/taalcha.dir/slint_generated_app_1.cpp.obj:slint_generated_app_1.cpp:(.text+0xacb7e): undefined reference to `__imp_slint_get_TouchAreaVTable'
/usr/x86_64-w64-mingw32/bin/ld: CMakeFiles/taalcha.dir/slint_generated_app_1.cpp.obj:slint_generated_app_1.cpp:(.text+0xacb8e): undefined reference to `__imp_slint_get_BasicBorderRectangleVTable'
/usr/x86_64-w64-mingw32/bin/ld: CMakeFiles/taalcha.dir/slint_generated_app_1.cpp.obj:slint_generated_app_1.cpp:(.text+0xacb9e): undefined reference to `__imp_slint_get_BasicBorderRectangleVTable'
/usr/x86_64-w64-mingw32/bin/ld: CMakeFiles/taalcha.dir/slint_generated_app_1.cpp.obj:slint_generated_app_1.cpp:(.text+0xacbae): undefined reference to `__imp_slint_get_BasicBorderRectangleVTable'
/usr/x86_64-w64-mingw32/bin/ld: CMakeFiles/taalcha.dir/slint_generated_app_1.cpp.obj:slint_generated_app_1.cpp:(.text+0xacbbe): undefined reference to `__imp_slint_get_ClipVTable'
/usr/x86_64-w64-mingw32/bin/ld: CMakeFiles/taalcha.dir/slint_generated_app_1.cpp.obj:slint_generated_app_1.cpp:(.text+0xacbce): undefined reference to `__imp_slint_get_BasicBorderRectangleVTable'
/usr/x86_64-w64-mingw32/bin/ld: CMakeFiles/taalcha.dir/slint_generated_app_1.cpp.obj:slint_generated_app_1.cpp:(.text+0xacbde): undefined reference to `__imp_slint_get_TouchAreaVTable'
/usr/x86_64-w64-mingw32/bin/ld: CMakeFiles/taalcha.dir/slint_generated_app_1.cpp.obj:slint_generated_app_1.cpp:(.text+0xacbee): undefined reference to `__imp_slint_get_OpacityVTable'
/usr/x86_64-w64-mingw32/bin/ld: CMakeFiles/taalcha.dir/slint_generated_app_1.cpp.obj:slint_generated_app_1.cpp:(.text+0xacbfe): undefined reference to `__imp_slint_get_OpacityVTable'
/usr/x86_64-w64-mingw32/bin/ld: CMakeFiles/taalcha.dir/slint_generated_app_1.cpp.obj:slint_generated_app_1.cpp:(.text+0xacc0e): undefined reference to `__imp_slint_get_TouchAreaVTable'
/usr/x86_64-w64-mingw32/bin/ld: CMakeFiles/taalcha.dir/slint_generated_app_1.cpp.obj:slint_generated_app_1.cpp:(.text+0xacc1e): undefined reference to `__imp_slint_get_OpacityVTable'
/usr/x86_64-w64-mingw32/bin/ld: CMakeFiles/taalcha.dir/slint_generated_app_1.cpp.obj:slint_generated_app_1.cpp:(.text+0xacc2e): undefined reference to `__imp_slint_get_ImageItemVTable'
/usr/x86_64-w64-mingw32/bin/ld: CMakeFiles/taalcha.dir/slint_generated_app_1.cpp.obj:slint_generated_app_1.cpp:(.text+0xacc3e): undefined reference to `__imp_slint_get_TouchAreaVTable'
/usr/x86_64-w64-mingw32/bin/ld: CMakeFiles/taalcha.dir/slint_generated_app_1.cpp.obj:slint_generated_app_1.cpp:(.text+0xacc4e): undefined reference to `__imp_slint_get_OpacityVTable'
/usr/x86_64-w64-mingw32/bin/ld: CMakeFiles/taalcha.dir/slint_generated_app_1.cpp.obj:slint_generated_app_1.cpp:(.text+0xacc5e): undefined reference to `__imp_slint_get_ImageItemVTable'
/usr/x86_64-w64-mingw32/bin/ld: CMakeFiles/taalcha.dir/slint_generated_app_1.cpp.obj:slint_generated_app_1.cpp:(.text+0xacc6e): undefined reference to `__imp_slint_get_BasicBorderRectangleVTable'
/usr/x86_64-w64-mingw32/bin/ld: CMakeFiles/taalcha.dir/slint_generated_app_1.cpp.obj:slint_generated_app_1.cpp:(.text+0xacc7e): undefined reference to `__imp_slint_get_ClipVTable'
/usr/x86_64-w64-mingw32/bin/ld: CMakeFiles/taalcha.dir/slint_generated_app_1.cpp.obj:slint_generated_app_1.cpp:(.text+0xacc8e): undefined reference to `__imp_slint_get_BasicBorderRectangleVTable'
/usr/x86_64-w64-mingw32/bin/ld: CMakeFiles/taalcha.dir/slint_generated_app_1.cpp.obj:slint_generated_app_1.cpp:(.text+0xacc9e): undefined reference to `__imp_slint_get_TouchAreaVTable'
/usr/x86_64-w64-mingw32/bin/ld: CMakeFiles/taalcha.dir/slint_generated_app_1.cpp.obj:slint_generated_app_1.cpp:(.text+0xaccae): undefined reference to `__imp_slint_get_OpacityVTable'
/usr/x86_64-w64-mingw32/bin/ld: CMakeFiles/taalcha.dir/slint_generated_app_1.cpp.obj:slint_generated_app_1.cpp:(.text+0xaccbe): undefined reference to `__imp_slint_get_OpacityVTable'
/usr/x86_64-w64-mingw32/bin/ld: CMakeFiles/taalcha.dir/slint_generated_app_1.cpp.obj:slint_generated_app_1.cpp:(.text+0xaccce): undefined reference to `__imp_slint_get_TouchAreaVTable'
/usr/x86_64-w64-mingw32/bin/ld: CMakeFiles/taalcha.dir/slint_generated_app_1.cpp.obj:slint_generated_app_1.cpp:(.text+0xaccde): undefined reference to `__imp_slint_get_OpacityVTable'
/usr/x86_64-w64-mingw32/bin/ld: CMakeFiles/taalcha.dir/slint_generated_app_1.cpp.obj:slint_generated_app_1.cpp:(.text+0xaccee): undefined reference to `__imp_slint_get_ImageItemVTable'
/usr/x86_64-w64-mingw32/bin/ld: CMakeFiles/taalcha.dir/slint_generated_app_1.cpp.obj:slint_generated_app_1.cpp:(.text+0xaccfe): undefined reference to `__imp_slint_get_TouchAreaVTable'
/usr/x86_64-w64-mingw32/bin/ld: CMakeFiles/taalcha.dir/slint_generated_app_1.cpp.obj:slint_generated_app_1.cpp:(.text+0xacd0e): undefined reference to `__imp_slint_get_OpacityVTable'
/usr/x86_64-w64-mingw32/bin/ld: CMakeFiles/taalcha.dir/slint_generated_app_1.cpp.obj:slint_generated_app_1.cpp:(.text+0xacd1e): undefined reference to `__imp_slint_get_ImageItemVTable'
/usr/x86_64-w64-mingw32/bin/ld: CMakeFiles/taalcha.dir/slint_generated_app_1.cpp.obj:slint_generated_app_1.cpp:(.text+0xacd2e): undefined reference to `__imp_slint_get_RectangleVTable'
/usr/x86_64-w64-mingw32/bin/ld: CMakeFiles/taalcha.dir/slint_generated_app_1.cpp.obj:slint_generated_app_1.cpp:(.text+0xacd3e): undefined reference to `__imp_slint_get_EmptyVTable'
/usr/x86_64-w64-mingw32/bin/ld: CMakeFiles/taalcha.dir/slint_generated_app_1.cpp.obj:slint_generated_app_1.cpp:(.text+0xacd4e): undefined reference to `__imp_slint_get_SimpleTextVTable'
/usr/x86_64-w64-mingw32/bin/ld: CMakeFiles/taalcha.dir/slint_generated_app_1.cpp.obj:slint_generated_app_1.cpp:(.text+0xacd5e): undefined reference to `__imp_slint_get_EmptyVTable'
/usr/x86_64-w64-mingw32/bin/ld: CMakeFiles/taalcha.dir/slint_generated_app_1.cpp.obj:slint_generated_app_1.cpp:(.text+0xacd6e): undefined reference to `__imp_slint_get_BasicBorderRectangleVTable'
/usr/x86_64-w64-mingw32/bin/ld: CMakeFiles/taalcha.dir/slint_generated_app_1.cpp.obj:slint_generated_app_1.cpp:(.text+0xacd7e): undefined reference to `__imp_slint_get_EmptyVTable'
/usr/x86_64-w64-mingw32/bin/ld: CMakeFiles/taalcha.dir/slint_generated_app_1.cpp.obj:slint_generated_app_1.cpp:(.text+0xacd8e): undefined reference to `__imp_slint_get_BasicBorderRectangleVTable'
/usr/x86_64-w64-mingw32/bin/ld: CMakeFiles/taalcha.dir/slint_generated_app_1.cpp.obj:slint_generated_app_1.cpp:(.text+0xacd9e): undefined reference to `__imp_slint_get_ClipVTable'
/usr/x86_64-w64-mingw32/bin/ld: CMakeFiles/taalcha.dir/slint_generated_app_1.cpp.obj:slint_generated_app_1.cpp:(.text+0xacdae): undefined reference to `__imp_slint_get_ComplexTextVTable'
/usr/x86_64-w64-mingw32/bin/ld: CMakeFiles/taalcha.dir/slint_generated_app_1.cpp.obj:slint_generated_app_1.cpp:(.text+0xacdbe): undefined reference to `__imp_slint_get_ContextMenuVTable'
/usr/x86_64-w64-mingw32/bin/ld: CMakeFiles/taalcha.dir/slint_generated_app_1.cpp.obj:slint_generated_app_1.cpp:(.text+0xacdce): undefined reference to `__imp_slint_get_TextInputVTable'
/usr/x86_64-w64-mingw32/bin/ld: CMakeFiles/taalcha.dir/slint_generated_app_1.cpp.obj:slint_generated_app_1.cpp:(.text+0xacdde): undefined reference to `__imp_slint_get_FlickableVTable'
/usr/x86_64-w64-mingw32/bin/ld: CMakeFiles/taalcha.dir/slint_generated_app_1.cpp.obj:slint_generated_app_1.cpp:(.text+0xacdee): undefined reference to `__imp_slint_get_ClipVTable'
/usr/x86_64-w64-mingw32/bin/ld: CMakeFiles/taalcha.dir/slint_generated_app_1.cpp.obj:slint_generated_app_1.cpp:(.text+0xacdfe): undefined reference to `__imp_slint_get_ClipVTable'
/usr/x86_64-w64-mingw32/bin/ld: CMakeFiles/taalcha.dir/slint_generated_app_1.cpp.obj:slint_generated_app_1.cpp:(.text+0xace0e): undefined reference to `__imp_slint_get_EmptyVTable'
/usr/x86_64-w64-mingw32/bin/ld: CMakeFiles/taalcha.dir/slint_generated_app_1.cpp.obj:slint_generated_app_1.cpp:(.text+0xace1e): undefined reference to `__imp_slint_get_EmptyVTable'
/usr/x86_64-w64-mingw32/bin/ld: CMakeFiles/taalcha.dir/slint_generated_app_1.cpp.obj:slint_generated_app_1.cpp:(.text+0xace2e): undefined reference to `__imp_slint_get_BasicBorderRectangleVTable'
/usr/x86_64-w64-mingw32/bin/ld: CMakeFiles/taalcha.dir/slint_generated_app_1.cpp.obj:slint_generated_app_1.cpp:(.text+0xace3e): undefined reference to `__imp_slint_get_ClipVTable'
/usr/x86_64-w64-mingw32/bin/ld: CMakeFiles/taalcha.dir/slint_generated_app_1.cpp.obj:slint_generated_app_1.cpp:(.text+0xace4e): undefined reference to `__imp_slint_get_BasicBorderRectangleVTable'
/usr/x86_64-w64-mingw32/bin/ld: CMakeFiles/taalcha.dir/slint_generated_app_1.cpp.obj:slint_generated_app_1.cpp:(.text+0xace5e): undefined reference to `__imp_slint_get_TouchAreaVTable'
/usr/x86_64-w64-mingw32/bin/ld: CMakeFiles/taalcha.dir/slint_generated_app_1.cpp.obj:slint_generated_app_1.cpp:(.text+0xace6e): undefined reference to `__imp_slint_get_OpacityVTable'
/usr/x86_64-w64-mingw32/bin/ld: CMakeFiles/taalcha.dir/slint_generated_app_1.cpp.obj:slint_generated_app_1.cpp:(.text+0xace7e): undefined reference to `__imp_slint_get_OpacityVTable'
/usr/x86_64-w64-mingw32/bin/ld: CMakeFiles/taalcha.dir/slint_generated_app_1.cpp.obj:slint_generated_app_1.cpp:(.text+0xace8e): undefined reference to `__imp_slint_get_TouchAreaVTable'
/usr/x86_64-w64-mingw32/bin/ld: CMakeFiles/taalcha.dir/slint_generated_app_1.cpp.obj:slint_generated_app_1.cpp:(.text+0xace9e): undefined reference to `__imp_slint_get_OpacityVTable'
/usr/x86_64-w64-mingw32/bin/ld: CMakeFiles/taalcha.dir/slint_generated_app_1.cpp.obj:slint_generated_app_1.cpp:(.text+0xaceae): undefined reference to `__imp_slint_get_ImageItemVTable'
/usr/x86_64-w64-mingw32/bin/ld: CMakeFiles/taalcha.dir/slint_generated_app_1.cpp.obj:slint_generated_app_1.cpp:(.text+0xacebe): undefined reference to `__imp_slint_get_TouchAreaVTable'
/usr/x86_64-w64-mingw32/bin/ld: CMakeFiles/taalcha.dir/slint_generated_app_1.cpp.obj:slint_generated_app_1.cpp:(.text+0xacece): undefined reference to `__imp_slint_get_OpacityVTable'
/usr/x86_64-w64-mingw32/bin/ld: CMakeFiles/taalcha.dir/slint_generated_app_1.cpp.obj:slint_generated_app_1.cpp:(.text+0xacede): undefined reference to `__imp_slint_get_ImageItemVTable'
/usr/x86_64-w64-mingw32/bin/ld: CMakeFiles/taalcha.dir/slint_generated_app_1.cpp.obj:slint_generated_app_1.cpp:(.text+0xaceee): undefined reference to `__imp_slint_get_BasicBorderRectangleVTable'
/usr/x86_64-w64-mingw32/bin/ld: CMakeFiles/taalcha.dir/slint_generated_app_1.cpp.obj:slint_generated_app_1.cpp:(.text+0xacefe): undefined reference to `__imp_slint_get_ClipVTable'
/usr/x86_64-w64-mingw32/bin/ld: CMakeFiles/taalcha.dir/slint_generated_app_1.cpp.obj:slint_generated_app_1.cpp:(.text+0xacf0e): undefined reference to `__imp_slint_get_BasicBorderRectangleVTable'
/usr/x86_64-w64-mingw32/bin/ld: CMakeFiles/taalcha.dir/slint_generated_app_1.cpp.obj:slint_generated_app_1.cpp:(.text+0xacf1e): undefined reference to `__imp_slint_get_TouchAreaVTable'
/usr/x86_64-w64-mingw32/bin/ld: CMakeFiles/taalcha.dir/slint_generated_app_1.cpp.obj:slint_generated_app_1.cpp:(.text+0xacf2e): undefined reference to `__imp_slint_get_OpacityVTable'
/usr/x86_64-w64-mingw32/bin/ld: CMakeFiles/taalcha.dir/slint_generated_app_1.cpp.obj:slint_generated_app_1.cpp:(.text+0xacf3e): undefined reference to `__imp_slint_get_OpacityVTable'
/usr/x86_64-w64-mingw32/bin/ld: CMakeFiles/taalcha.dir/slint_generated_app_1.cpp.obj:slint_generated_app_1.cpp:(.text+0xacf4e): undefined reference to `__imp_slint_get_TouchAreaVTable'
/usr/x86_64-w64-mingw32/bin/ld: CMakeFiles/taalcha.dir/slint_generated_app_1.cpp.obj:slint_generated_app_1.cpp:(.text+0xacf5e): undefined reference to `__imp_slint_get_OpacityVTable'
/usr/x86_64-w64-mingw32/bin/ld: CMakeFiles/taalcha.dir/slint_generated_app_1.cpp.obj:slint_generated_app_1.cpp:(.text+0xacf6e): undefined reference to `__imp_slint_get_ImageItemVTable'
/usr/x86_64-w64-mingw32/bin/ld: CMakeFiles/taalcha.dir/slint_generated_app_1.cpp.obj:slint_generated_app_1.cpp:(.text+0xacf7e): undefined reference to `__imp_slint_get_TouchAreaVTable'
/usr/x86_64-w64-mingw32/bin/ld: CMakeFiles/taalcha.dir/slint_generated_app_1.cpp.obj:slint_generated_app_1.cpp:(.text+0xacf8e): undefined reference to `__imp_slint_get_OpacityVTable'
/usr/x86_64-w64-mingw32/bin/ld: CMakeFiles/taalcha.dir/slint_generated_app_1.cpp.obj:slint_generated_app_1.cpp:(.text+0xacf9e): undefined reference to `__imp_slint_get_ImageItemVTable'
/usr/x86_64-w64-mingw32/bin/ld: CMakeFiles/taalcha.dir/slint_generated_app_1.cpp.obj:slint_generated_app_1.cpp:(.text+0xacfae): undefined reference to `__imp_slint_get_RectangleVTable'
/usr/x86_64-w64-mingw32/bin/ld: CMakeFiles/taalcha.dir/slint_generated_app_1.cpp.obj:slint_generated_app_1.cpp:(.text+0xaea19): undefined reference to `__imp_slint_get_WindowItemVTable'
/usr/x86_64-w64-mingw32/bin/ld: CMakeFiles/taalcha.dir/slint_generated_app_1.cpp.obj:slint_generated_app_1.cpp:(.text+0xaec0d): undefined reference to `__imp_slint_get_WindowItemVTable'
/usr/x86_64-w64-mingw32/bin/ld: CMakeFiles/taalcha.dir/slint_generated_app_1.cpp.obj:slint_generated_app_1.cpp:(.text+0xaf696): undefined reference to `__imp_slint_get_WindowItemVTable'
/usr/x86_64-w64-mingw32/bin/ld: /home/trash/Taalcha/vendor/slint-windows-mingw/lib/libslint_cpp.a(glutin-516a5072aef29836.glutin.191db3d1378e5876-cgu.05.rcgu.o):glutin.191db3d1378e5876-cgu.05:(.text+0x875): undefined reference to `wglGetProcAddress'
/usr/x86_64-w64-mingw32/bin/ld: /home/trash/Taalcha/vendor/slint-windows-mingw/lib/libslint_cpp.a(glutin-516a5072aef29836.glutin.191db3d1378e5876-cgu.10.rcgu.o):glutin.191db3d1378e5876-cgu.10:(.text+0x2f): undefined reference to `wglGetCurrentContext'
/usr/x86_64-w64-mingw32/bin/ld: /home/trash/Taalcha/vendor/slint-windows-mingw/lib/libslint_cpp.a(glutin-516a5072aef29836.glutin.191db3d1378e5876-cgu.10.rcgu.o):glutin.191db3d1378e5876-cgu.10:(.text+0x1e3): undefined reference to `wglGetCurrentContext'
/usr/x86_64-w64-mingw32/bin/ld: /home/trash/Taalcha/vendor/slint-windows-mingw/lib/libslint_cpp.a(glutin-516a5072aef29836.glutin.191db3d1378e5876-cgu.10.rcgu.o):glutin.191db3d1378e5876-cgu.10:(.text+0x1f2): undefined reference to `wglGetCurrentDC'
/usr/x86_64-w64-mingw32/bin/ld: /home/trash/Taalcha/vendor/slint-windows-mingw/lib/libslint_cpp.a(glutin-516a5072aef29836.glutin.191db3d1378e5876-cgu.10.rcgu.o):glutin.191db3d1378e5876-cgu.10:(.text+0x1fc): undefined reference to `wglMakeCurrent'
/usr/x86_64-w64-mingw32/bin/ld: /home/trash/Taalcha/vendor/slint-windows-mingw/lib/libslint_cpp.a(glutin-516a5072aef29836.glutin.191db3d1378e5876-cgu.10.rcgu.o):glutin.191db3d1378e5876-cgu.10:(.text+0xb99): undefined reference to `wglGetCurrentContext'
/usr/x86_64-w64-mingw32/bin/ld: /home/trash/Taalcha/vendor/slint-windows-mingw/lib/libslint_cpp.a(glutin-516a5072aef29836.glutin.191db3d1378e5876-cgu.10.rcgu.o):glutin.191db3d1378e5876-cgu.10:(.text+0xbbe): undefined reference to `wglGetCurrentContext'
/usr/x86_64-w64-mingw32/bin/ld: /home/trash/Taalcha/vendor/slint-windows-mingw/lib/libslint_cpp.a(glutin-516a5072aef29836.glutin.191db3d1378e5876-cgu.10.rcgu.o):glutin.191db3d1378e5876-cgu.10:(.text+0xbcb): undefined reference to `wglGetCurrentDC'
/usr/x86_64-w64-mingw32/bin/ld: /home/trash/Taalcha/vendor/slint-windows-mingw/lib/libslint_cpp.a(glutin-516a5072aef29836.glutin.191db3d1378e5876-cgu.10.rcgu.o):glutin.191db3d1378e5876-cgu.10:(.text+0xbd5): undefined reference to `wglMakeCurrent'
/usr/x86_64-w64-mingw32/bin/ld: /home/trash/Taalcha/vendor/slint-windows-mingw/lib/libslint_cpp.a(glutin-516a5072aef29836.glutin.191db3d1378e5876-cgu.10.rcgu.o):glutin.191db3d1378e5876-cgu.10:(.text+0xc44): undefined reference to `wglDeleteContext'
/usr/x86_64-w64-mingw32/bin/ld: /home/trash/Taalcha/vendor/slint-windows-mingw/lib/libslint_cpp.a(glutin-516a5072aef29836.glutin.191db3d1378e5876-cgu.10.rcgu.o):glutin.191db3d1378e5876-cgu.10:(.text+0xc8d): undefined reference to `wglGetCurrentContext'
/usr/x86_64-w64-mingw32/bin/ld: /home/trash/Taalcha/vendor/slint-windows-mingw/lib/libslint_cpp.a(glutin-516a5072aef29836.glutin.191db3d1378e5876-cgu.10.rcgu.o):glutin.191db3d1378e5876-cgu.10:(.text+0xc97): undefined reference to `wglGetCurrentDC'
/usr/x86_64-w64-mingw32/bin/ld: /home/trash/Taalcha/vendor/slint-windows-mingw/lib/libslint_cpp.a(glutin-516a5072aef29836.glutin.191db3d1378e5876-cgu.10.rcgu.o):glutin.191db3d1378e5876-cgu.10:(.text+0xca1): undefined reference to `wglMakeCurrent'
/usr/x86_64-w64-mingw32/bin/ld: /home/trash/Taalcha/vendor/slint-windows-mingw/lib/libslint_cpp.a(glutin-516a5072aef29836.glutin.191db3d1378e5876-cgu.10.rcgu.o):glutin.191db3d1378e5876-cgu.10:(.text+0x100c): undefined reference to `wglMakeCurrent'
/usr/x86_64-w64-mingw32/bin/ld: /home/trash/Taalcha/vendor/slint-windows-mingw/lib/libslint_cpp.a(glutin-516a5072aef29836.glutin.191db3d1378e5876-cgu.10.rcgu.o):glutin.191db3d1378e5876-cgu.10:(.text+0x10c6): undefined reference to `wglDeleteContext'
/usr/x86_64-w64-mingw32/bin/ld: /home/trash/Taalcha/vendor/slint-windows-mingw/lib/libslint_cpp.a(glutin-516a5072aef29836.glutin.191db3d1378e5876-cgu.10.rcgu.o):glutin.191db3d1378e5876-cgu.10:(.text+0x1114): undefined reference to `wglMakeCurrent'
/usr/x86_64-w64-mingw32/bin/ld: /home/trash/Taalcha/vendor/slint-windows-mingw/lib/libslint_cpp.a(glutin-516a5072aef29836.glutin.191db3d1378e5876-cgu.10.rcgu.o):glutin.191db3d1378e5876-cgu.10:(.text+0x1444): undefined reference to `wglDeleteContext'
/usr/x86_64-w64-mingw32/bin/ld: /home/trash/Taalcha/vendor/slint-windows-mingw/lib/libslint_cpp.a(glutin-516a5072aef29836.glutin.191db3d1378e5876-cgu.11.rcgu.o):glutin.191db3d1378e5876-cgu.11:(.text+0xb87): undefined reference to `wglGetProcAddress'
/usr/x86_64-w64-mingw32/bin/ld: /home/trash/Taalcha/vendor/slint-windows-mingw/lib/libslint_cpp.a(glutin-516a5072aef29836.glutin.191db3d1378e5876-cgu.11.rcgu.o):glutin.191db3d1378e5876-cgu.11:(.text+0xc37): undefined reference to `wglGetProcAddress'
/usr/x86_64-w64-mingw32/bin/ld: /home/trash/Taalcha/vendor/slint-windows-mingw/lib/libslint_cpp.a(glutin-516a5072aef29836.glutin.191db3d1378e5876-cgu.12.rcgu.o):glutin.191db3d1378e5876-cgu.12:(.text+0x92a): undefined reference to `wglCreateContext'
/usr/x86_64-w64-mingw32/bin/ld: /home/trash/Taalcha/vendor/slint-windows-mingw/lib/libslint_cpp.a(glutin-516a5072aef29836.glutin.191db3d1378e5876-cgu.12.rcgu.o):glutin.191db3d1378e5876-cgu.12:(.text+0x938): undefined reference to `wglMakeCurrent'
/usr/x86_64-w64-mingw32/bin/ld: /home/trash/Taalcha/vendor/slint-windows-mingw/lib/libslint_cpp.a(glutin-516a5072aef29836.glutin.191db3d1378e5876-cgu.12.rcgu.o):glutin.191db3d1378e5876-cgu.12:(.text+0x977): undefined reference to `wglDeleteContext'
/usr/x86_64-w64-mingw32/bin/ld: /home/trash/Taalcha/vendor/slint-windows-mingw/lib/libslint_cpp.a(winit-1d0556593fe3f633.winit.131488612f61fcb0-cgu.02.rcgu.o):winit.131488612f61fcb0-cgu.02:(.text+0x25b4): undefined reference to `ImmAssociateContextEx'
/usr/x86_64-w64-mingw32/bin/ld: /home/trash/Taalcha/vendor/slint-windows-mingw/lib/libslint_cpp.a(winit-1d0556593fe3f633.winit.131488612f61fcb0-cgu.08.rcgu.o):winit.131488612f61fcb0-cgu.08:(.text+0x546): undefined reference to `ImmAssociateContextEx'
/usr/x86_64-w64-mingw32/bin/ld: /home/trash/Taalcha/vendor/slint-windows-mingw/lib/libslint_cpp.a(winit-1d0556593fe3f633.winit.131488612f61fcb0-cgu.08.rcgu.o):winit.131488612f61fcb0-cgu.08:(.text+0x7fd): undefined reference to `ImmSetCompositionWindow'
/usr/x86_64-w64-mingw32/bin/ld: /home/trash/Taalcha/vendor/slint-windows-mingw/lib/libslint_cpp.a(winit-1d0556593fe3f633.winit.131488612f61fcb0-cgu.08.rcgu.o):winit.131488612f61fcb0-cgu.08:(.text+0x80a): undefined reference to `ImmSetCandidateWindow'
/usr/x86_64-w64-mingw32/bin/ld: /home/trash/Taalcha/vendor/slint-windows-mingw/lib/libslint_cpp.a(winit-1d0556593fe3f633.winit.131488612f61fcb0-cgu.08.rcgu.o):winit.131488612f61fcb0-cgu.08:(.text+0x892): undefined reference to `ImmGetCompositionStringW'
/usr/x86_64-w64-mingw32/bin/ld: /home/trash/Taalcha/vendor/slint-windows-mingw/lib/libslint_cpp.a(winit-1d0556593fe3f633.winit.131488612f61fcb0-cgu.08.rcgu.o):winit.131488612f61fcb0-cgu.08:(.text+0x8ca): undefined reference to `ImmGetCompositionStringW'
/usr/x86_64-w64-mingw32/bin/ld: /home/trash/Taalcha/vendor/slint-windows-mingw/lib/libslint_cpp.a(winit-1d0556593fe3f633.winit.131488612f61fcb0-cgu.08.rcgu.o):winit.131488612f61fcb0-cgu.08:(.text+0xaff): undefined reference to `ImmGetCompositionStringW'
/usr/x86_64-w64-mingw32/bin/ld: /home/trash/Taalcha/vendor/slint-windows-mingw/lib/libslint_cpp.a(winit-1d0556593fe3f633.winit.131488612f61fcb0-cgu.08.rcgu.o):winit.131488612f61fcb0-cgu.08:(.text+0xea9): undefined reference to `ImmGetContext'
/usr/x86_64-w64-mingw32/bin/ld: /home/trash/Taalcha/vendor/slint-windows-mingw/lib/libslint_cpp.a(winit-1d0556593fe3f633.winit.131488612f61fcb0-cgu.08.rcgu.o):winit.131488612f61fcb0-cgu.08:(.text+0x17cb): undefined reference to `ImmReleaseContext'
/usr/x86_64-w64-mingw32/bin/ld: /home/trash/Taalcha/vendor/slint-windows-mingw/lib/libslint_cpp.a(std-b0558c7fd7f3aef7.std.103871820a823c36-cgu.0.rcgu.o): in function `<std::sys::pal::windows::handle::Handle>::synchronous_read':
/rustc/ac68faa20c58cbccd01ee7208bf3b6e93a7d7f96/library\std\src\sys\pal\windows/handle.rs:260:(.text+0x59b8): undefined reference to `NtReadFile'
/usr/x86_64-w64-mingw32/bin/ld: /rustc/ac68faa20c58cbccd01ee7208bf3b6e93a7d7f96/library\std\src\sys\pal\windows/handle.rs:260:(.text+0x60a6): undefined reference to `NtReadFile'
/usr/x86_64-w64-mingw32/bin/ld: /home/trash/Taalcha/vendor/slint-windows-mingw/lib/libslint_cpp.a(std-b0558c7fd7f3aef7.std.103871820a823c36-cgu.0.rcgu.o): in function `<std::os::windows::io::socket::OwnedSocket as core::ops::drop::Drop>::drop':
/rustc/ac68faa20c58cbccd01ee7208bf3b6e93a7d7f96/library\std\src\os\windows\io/socket.rs:198:(.text+0x9374): undefined reference to `closesocket'
/usr/x86_64-w64-mingw32/bin/ld: /home/trash/Taalcha/vendor/slint-windows-mingw/lib/libslint_cpp.a(std-b0558c7fd7f3aef7.std.103871820a823c36-cgu.0.rcgu.o): in function `std::sys::net::connection::socket::windows::netc::getaddrinfo':
/rustc/ac68faa20c58cbccd01ee7208bf3b6e93a7d7f96/library\std\src\sys\net\connection\socket/windows.rs:109:(.text+0xce44): undefined reference to `getaddrinfo'
/usr/x86_64-w64-mingw32/bin/ld: /home/trash/Taalcha/vendor/slint-windows-mingw/lib/libslint_cpp.a(std-b0558c7fd7f3aef7.std.103871820a823c36-cgu.0.rcgu.o): in function `std::sys::pal::windows::winsock::last_error':
/rustc/ac68faa20c58cbccd01ee7208bf3b6e93a7d7f96/library\std\src\sys\pal\windows/winsock.rs:43:(.text+0xce4d): undefined reference to `WSAGetLastError'
/usr/x86_64-w64-mingw32/bin/ld: /home/trash/Taalcha/vendor/slint-windows-mingw/lib/libslint_cpp.a(std-b0558c7fd7f3aef7.std.103871820a823c36-cgu.0.rcgu.o): in function `std::sys::net::connection::socket::setsockopt::<std::sys::pal::windows::c::windows_sys::LINGER>':
/rustc/ac68faa20c58cbccd01ee7208bf3b6e93a7d7f96/library\std\src\sys\net\connection\socket/mod.rs:232:(.text+0x1785f): undefined reference to `setsockopt'
/usr/x86_64-w64-mingw32/bin/ld: /home/trash/Taalcha/vendor/slint-windows-mingw/lib/libslint_cpp.a(std-b0558c7fd7f3aef7.std.103871820a823c36-cgu.0.rcgu.o): in function `std::sys::pal::windows::winsock::last_error':
/rustc/ac68faa20c58cbccd01ee7208bf3b6e93a7d7f96/library\std\src\sys\pal\windows/winsock.rs:43:(.text+0x17869): undefined reference to `WSAGetLastError'
/usr/x86_64-w64-mingw32/bin/ld: /home/trash/Taalcha/vendor/slint-windows-mingw/lib/libslint_cpp.a(std-b0558c7fd7f3aef7.std.103871820a823c36-cgu.0.rcgu.o): in function `std::sys::net::connection::socket::getsockopt::<i32>':
/rustc/ac68faa20c58cbccd01ee7208bf3b6e93a7d7f96/library\std\src\sys\net\connection\socket/mod.rs:260:(.text+0x178c4): undefined reference to `getsockopt'
/usr/x86_64-w64-mingw32/bin/ld: /home/trash/Taalcha/vendor/slint-windows-mingw/lib/libslint_cpp.a(std-b0558c7fd7f3aef7.std.103871820a823c36-cgu.0.rcgu.o): in function `std::sys::pal::windows::winsock::last_error':
/rustc/ac68faa20c58cbccd01ee7208bf3b6e93a7d7f96/library\std\src\sys\pal\windows/winsock.rs:43:(.text+0x178e7): undefined reference to `WSAGetLastError'
/usr/x86_64-w64-mingw32/bin/ld: /home/trash/Taalcha/vendor/slint-windows-mingw/lib/libslint_cpp.a(std-b0558c7fd7f3aef7.std.103871820a823c36-cgu.0.rcgu.o): in function `std::sys::net::connection::socket::setsockopt::<i32>':
/rustc/ac68faa20c58cbccd01ee7208bf3b6e93a7d7f96/library\std\src\sys\net\connection\socket/mod.rs:232:(.text+0x1793b): undefined reference to `setsockopt'
/usr/x86_64-w64-mingw32/bin/ld: /home/trash/Taalcha/vendor/slint-windows-mingw/lib/libslint_cpp.a(std-b0558c7fd7f3aef7.std.103871820a823c36-cgu.0.rcgu.o): in function `std::sys::pal::windows::winsock::last_error':
/rustc/ac68faa20c58cbccd01ee7208bf3b6e93a7d7f96/library\std\src\sys\pal\windows/winsock.rs:43:(.text+0x1794d): undefined reference to `WSAGetLastError'
/usr/x86_64-w64-mingw32/bin/ld: /home/trash/Taalcha/vendor/slint-windows-mingw/lib/libslint_cpp.a(std-b0558c7fd7f3aef7.std.103871820a823c36-cgu.0.rcgu.o): in function `std::sys::net::connection::socket::getsockopt::<u32>':
/rustc/ac68faa20c58cbccd01ee7208bf3b6e93a7d7f96/library\std\src\sys\net\connection\socket/mod.rs:260:(.text+0x17997): undefined reference to `getsockopt'
/usr/x86_64-w64-mingw32/bin/ld: /home/trash/Taalcha/vendor/slint-windows-mingw/lib/libslint_cpp.a(std-b0558c7fd7f3aef7.std.103871820a823c36-cgu.0.rcgu.o): in function `std::sys::pal::windows::winsock::last_error':
/rustc/ac68faa20c58cbccd01ee7208bf3b6e93a7d7f96/library\std\src\sys\pal\windows/winsock.rs:43:(.text+0x179c8): undefined reference to `WSAGetLastError'
/usr/x86_64-w64-mingw32/bin/ld: /home/trash/Taalcha/vendor/slint-windows-mingw/lib/libslint_cpp.a(std-b0558c7fd7f3aef7.std.103871820a823c36-cgu.0.rcgu.o): in function `std::sys::net::connection::socket::getsockopt::<u32>':
/rustc/ac68faa20c58cbccd01ee7208bf3b6e93a7d7f96/library\std\src\sys\net\connection\socket/mod.rs:260:(.text+0x17a27): undefined reference to `getsockopt'
/usr/x86_64-w64-mingw32/bin/ld: /home/trash/Taalcha/vendor/slint-windows-mingw/lib/libslint_cpp.a(std-b0558c7fd7f3aef7.std.103871820a823c36-cgu.0.rcgu.o): in function `std::sys::pal::windows::winsock::last_error':
/rustc/ac68faa20c58cbccd01ee7208bf3b6e93a7d7f96/library\std\src\sys\pal\windows/winsock.rs:43:(.text+0x17a58): undefined reference to `WSAGetLastError'
/usr/x86_64-w64-mingw32/bin/ld: /home/trash/Taalcha/vendor/slint-windows-mingw/lib/libslint_cpp.a(std-b0558c7fd7f3aef7.std.103871820a823c36-cgu.0.rcgu.o): in function `<std::os::windows::io::socket::OwnedSocket as core::ops::drop::Drop>::drop':
/rustc/ac68faa20c58cbccd01ee7208bf3b6e93a7d7f96/library\std\src\os\windows\io/socket.rs:198:(.text+0x17aed): undefined reference to `closesocket'
/usr/x86_64-w64-mingw32/bin/ld: /rustc/ac68faa20c58cbccd01ee7208bf3b6e93a7d7f96/library\std\src\os\windows\io/socket.rs:198:(.text+0x17b19): undefined reference to `closesocket'
/usr/x86_64-w64-mingw32/bin/ld: /home/trash/Taalcha/vendor/slint-windows-mingw/lib/libslint_cpp.a(std-b0558c7fd7f3aef7.std.103871820a823c36-cgu.0.rcgu.o): in function `<std::sys::net::connection::socket::windows::Socket>::set_nonblocking':
/rustc/ac68faa20c58cbccd01ee7208bf3b6e93a7d7f96/library\std\src\sys\net\connection\socket/windows.rs:409:(.text+0x17b4d): undefined reference to `ioctlsocket'
/usr/x86_64-w64-mingw32/bin/ld: /home/trash/Taalcha/vendor/slint-windows-mingw/lib/libslint_cpp.a(std-b0558c7fd7f3aef7.std.103871820a823c36-cgu.0.rcgu.o): in function `std::sys::pal::windows::winsock::last_error':
/rustc/ac68faa20c58cbccd01ee7208bf3b6e93a7d7f96/library\std\src\sys\pal\windows/winsock.rs:43:(.text+0x17b5f): undefined reference to `WSAGetLastError'
/usr/x86_64-w64-mingw32/bin/ld: /home/trash/Taalcha/vendor/slint-windows-mingw/lib/libslint_cpp.a(std-b0558c7fd7f3aef7.std.103871820a823c36-cgu.0.rcgu.o): in function `std::sys::net::connection::socket::setsockopt::<u32>':
/rustc/ac68faa20c58cbccd01ee7208bf3b6e93a7d7f96/library\std\src\sys\net\connection\socket/mod.rs:232:(.text+0x17c03): undefined reference to `setsockopt'
/usr/x86_64-w64-mingw32/bin/ld: /home/trash/Taalcha/vendor/slint-windows-mingw/lib/libslint_cpp.a(std-b0558c7fd7f3aef7.std.103871820a823c36-cgu.0.rcgu.o): in function `std::sys::pal::windows::winsock::last_error':
/rustc/ac68faa20c58cbccd01ee7208bf3b6e93a7d7f96/library\std\src\sys\pal\windows/winsock.rs:43:(.text+0x17c15): undefined reference to `WSAGetLastError'
/usr/x86_64-w64-mingw32/bin/ld: /home/trash/Taalcha/vendor/slint-windows-mingw/lib/libslint_cpp.a(std-b0558c7fd7f3aef7.std.103871820a823c36-cgu.0.rcgu.o): in function `std::sys::net::connection::socket::setsockopt::<u32>':
/rustc/ac68faa20c58cbccd01ee7208bf3b6e93a7d7f96/library\std\src\sys\net\connection\socket/mod.rs:232:(.text+0x17cc3): undefined reference to `setsockopt'
/usr/x86_64-w64-mingw32/bin/ld: /home/trash/Taalcha/vendor/slint-windows-mingw/lib/libslint_cpp.a(std-b0558c7fd7f3aef7.std.103871820a823c36-cgu.0.rcgu.o): in function `std::sys::pal::windows::winsock::last_error':
/rustc/ac68faa20c58cbccd01ee7208bf3b6e93a7d7f96/library\std\src\sys\pal\windows/winsock.rs:43:(.text+0x17cd5): undefined reference to `WSAGetLastError'
/usr/x86_64-w64-mingw32/bin/ld: /home/trash/Taalcha/vendor/slint-windows-mingw/lib/libslint_cpp.a(std-b0558c7fd7f3aef7.std.103871820a823c36-cgu.0.rcgu.o): in function `std::sys::net::connection::socket::getsockopt::<i32>':
/rustc/ac68faa20c58cbccd01ee7208bf3b6e93a7d7f96/library\std\src\sys\net\connection\socket/mod.rs:260:(.text+0x17d38): undefined reference to `getsockopt'
/usr/x86_64-w64-mingw32/bin/ld: /home/trash/Taalcha/vendor/slint-windows-mingw/lib/libslint_cpp.a(std-b0558c7fd7f3aef7.std.103871820a823c36-cgu.0.rcgu.o): in function `std::sys::pal::windows::winsock::last_error':
/rustc/ac68faa20c58cbccd01ee7208bf3b6e93a7d7f96/library\std\src\sys\pal\windows/winsock.rs:43:(.text+0x17d4a): undefined reference to `WSAGetLastError'
/usr/x86_64-w64-mingw32/bin/ld: /home/trash/Taalcha/vendor/slint-windows-mingw/lib/libslint_cpp.a(std-b0558c7fd7f3aef7.std.103871820a823c36-cgu.0.rcgu.o): in function `<std::sys::net::connection::socket::windows::Socket>::recv_with_flags':
/rustc/ac68faa20c58cbccd01ee7208bf3b6e93a7d7f96/library\std\src\sys\net\connection\socket/windows.rs:233:(.text+0x17d94): undefined reference to `recv'
/usr/x86_64-w64-mingw32/bin/ld: /rustc/ac68faa20c58cbccd01ee7208bf3b6e93a7d7f96/library\std\src\sys\net\connection\socket/windows.rs:237:(.text+0x17dac): undefined reference to `WSAGetLastError'
/usr/x86_64-w64-mingw32/bin/ld: /home/trash/Taalcha/vendor/slint-windows-mingw/lib/libslint_cpp.a(std-b0558c7fd7f3aef7.std.103871820a823c36-cgu.0.rcgu.o): in function `std::sys::net::connection::socket::getsockopt::<std::sys::pal::windows::c::windows_sys::LINGER>':
/rustc/ac68faa20c58cbccd01ee7208bf3b6e93a7d7f96/library\std\src\sys\net\connection\socket/mod.rs:260:(.text+0x17e17): undefined reference to `getsockopt'
/usr/x86_64-w64-mingw32/bin/ld: /home/trash/Taalcha/vendor/slint-windows-mingw/lib/libslint_cpp.a(std-b0558c7fd7f3aef7.std.103871820a823c36-cgu.0.rcgu.o): in function `std::sys::pal::windows::winsock::last_error':
/rustc/ac68faa20c58cbccd01ee7208bf3b6e93a7d7f96/library\std\src\sys\pal\windows/winsock.rs:43:(.text+0x17e36): undefined reference to `WSAGetLastError'
/usr/x86_64-w64-mingw32/bin/ld: /home/trash/Taalcha/vendor/slint-windows-mingw/lib/libslint_cpp.a(std-b0558c7fd7f3aef7.std.103871820a823c36-cgu.0.rcgu.o): in function `std::sys::net::connection::socket::getsockopt::<i32>':
/rustc/ac68faa20c58cbccd01ee7208bf3b6e93a7d7f96/library\std\src\sys\net\connection\socket/mod.rs:260:(.text+0x17e97): undefined reference to `getsockopt'
/usr/x86_64-w64-mingw32/bin/ld: /home/trash/Taalcha/vendor/slint-windows-mingw/lib/libslint_cpp.a(std-b0558c7fd7f3aef7.std.103871820a823c36-cgu.0.rcgu.o): in function `std::sys::pal::windows::winsock::last_error':
/rustc/ac68faa20c58cbccd01ee7208bf3b6e93a7d7f96/library\std\src\sys\pal\windows/winsock.rs:43:(.text+0x17ead): undefined reference to `WSAGetLastError'
/usr/x86_64-w64-mingw32/bin/ld: /home/trash/Taalcha/vendor/slint-windows-mingw/lib/libslint_cpp.a(std-b0558c7fd7f3aef7.std.103871820a823c36-cgu.0.rcgu.o): in function `std::sys::net::connection::socket::setsockopt::<i32>':
/rustc/ac68faa20c58cbccd01ee7208bf3b6e93a7d7f96/library\std\src\sys\net\connection\socket/mod.rs:232:(.text+0x17ef8): undefined reference to `setsockopt'
/usr/x86_64-w64-mingw32/bin/ld: /home/trash/Taalcha/vendor/slint-windows-mingw/lib/libslint_cpp.a(std-b0558c7fd7f3aef7.std.103871820a823c36-cgu.0.rcgu.o): in function `std::sys::pal::windows::winsock::last_error':
/rustc/ac68faa20c58cbccd01ee7208bf3b6e93a7d7f96/library\std\src\sys\pal\windows/winsock.rs:43:(.text+0x17f02): undefined reference to `WSAGetLastError'
/usr/x86_64-w64-mingw32/bin/ld: /home/trash/Taalcha/vendor/slint-windows-mingw/lib/libslint_cpp.a(std-b0558c7fd7f3aef7.std.103871820a823c36-cgu.0.rcgu.o): in function `<std::sys::net::connection::socket::windows::Socket>::shutdown':
/rustc/ac68faa20c58cbccd01ee7208bf3b6e93a7d7f96/library\std\src\sys\net\connection\socket/windows.rs:402:(.text+0x17f31): undefined reference to `shutdown'
/usr/x86_64-w64-mingw32/bin/ld: /home/trash/Taalcha/vendor/slint-windows-mingw/lib/libslint_cpp.a(std-b0558c7fd7f3aef7.std.103871820a823c36-cgu.0.rcgu.o): in function `std::sys::pal::windows::winsock::last_error':
/rustc/ac68faa20c58cbccd01ee7208bf3b6e93a7d7f96/library\std\src\sys\pal\windows/winsock.rs:43:(.text+0x17f43): undefined reference to `WSAGetLastError'
/usr/x86_64-w64-mingw32/bin/ld: /home/trash/Taalcha/vendor/slint-windows-mingw/lib/libslint_cpp.a(std-b0558c7fd7f3aef7.std.103871820a823c36-cgu.0.rcgu.o): in function `std::sys::net::connection::socket::setsockopt::<i32>':
/rustc/ac68faa20c58cbccd01ee7208bf3b6e93a7d7f96/library\std\src\sys\net\connection\socket/mod.rs:232:(.text+0x17fdb): undefined reference to `setsockopt'
/usr/x86_64-w64-mingw32/bin/ld: /home/trash/Taalcha/vendor/slint-windows-mingw/lib/libslint_cpp.a(std-b0558c7fd7f3aef7.std.103871820a823c36-cgu.0.rcgu.o): in function `std::sys::pal::windows::winsock::last_error':
/rustc/ac68faa20c58cbccd01ee7208bf3b6e93a7d7f96/library\std\src\sys\pal\windows/winsock.rs:43:(.text+0x17fed): undefined reference to `WSAGetLastError'
/usr/x86_64-w64-mingw32/bin/ld: /home/trash/Taalcha/vendor/slint-windows-mingw/lib/libslint_cpp.a(std-b0558c7fd7f3aef7.std.103871820a823c36-cgu.0.rcgu.o): in function `std::sys::net::connection::socket::getsockopt::<i32>':
/rustc/ac68faa20c58cbccd01ee7208bf3b6e93a7d7f96/library\std\src\sys\net\connection\socket/mod.rs:260:(.text+0x18038): undefined reference to `getsockopt'
/usr/x86_64-w64-mingw32/bin/ld: /home/trash/Taalcha/vendor/slint-windows-mingw/lib/libslint_cpp.a(std-b0558c7fd7f3aef7.std.103871820a823c36-cgu.0.rcgu.o): in function `std::sys::pal::windows::winsock::last_error':
/rustc/ac68faa20c58cbccd01ee7208bf3b6e93a7d7f96/library\std\src\sys\pal\windows/winsock.rs:43:(.text+0x1804a): undefined reference to `WSAGetLastError'
/usr/x86_64-w64-mingw32/bin/ld: /home/trash/Taalcha/vendor/slint-windows-mingw/lib/libslint_cpp.a(std-b0558c7fd7f3aef7.std.103871820a823c36-cgu.0.rcgu.o): in function `std::sys::net::connection::socket::setsockopt::<std::sys::net::connection::socket::windows::netc::ip_mreq>':
/rustc/ac68faa20c58cbccd01ee7208bf3b6e93a7d7f96/library\std\src\sys\net\connection\socket/mod.rs:232:(.text+0x180a4): undefined reference to `setsockopt'
/usr/x86_64-w64-mingw32/bin/ld: /home/trash/Taalcha/vendor/slint-windows-mingw/lib/libslint_cpp.a(std-b0558c7fd7f3aef7.std.103871820a823c36-cgu.0.rcgu.o): in function `std::sys::pal::windows::winsock::last_error':
/rustc/ac68faa20c58cbccd01ee7208bf3b6e93a7d7f96/library\std\src\sys\pal\windows/winsock.rs:43:(.text+0x180ae): undefined reference to `WSAGetLastError'
/usr/x86_64-w64-mingw32/bin/ld: /home/trash/Taalcha/vendor/slint-windows-mingw/lib/libslint_cpp.a(std-b0558c7fd7f3aef7.std.103871820a823c36-cgu.0.rcgu.o): in function `std::sys::net::connection::socket::setsockopt::<std::sys::net::connection::socket::windows::netc::ipv6_mreq>':
/rustc/ac68faa20c58cbccd01ee7208bf3b6e93a7d7f96/library\std\src\sys\net\connection\socket/mod.rs:232:(.text+0x18100): undefined reference to `setsockopt'
/usr/x86_64-w64-mingw32/bin/ld: /home/trash/Taalcha/vendor/slint-windows-mingw/lib/libslint_cpp.a(std-b0558c7fd7f3aef7.std.103871820a823c36-cgu.0.rcgu.o): in function `std::sys::pal::windows::winsock::last_error':
/rustc/ac68faa20c58cbccd01ee7208bf3b6e93a7d7f96/library\std\src\sys\pal\windows/winsock.rs:43:(.text+0x18112): undefined reference to `WSAGetLastError'
/usr/x86_64-w64-mingw32/bin/ld: /home/trash/Taalcha/vendor/slint-windows-mingw/lib/libslint_cpp.a(std-b0558c7fd7f3aef7.std.103871820a823c36-cgu.0.rcgu.o): in function `std::sys::net::connection::socket::getsockopt::<i32>':
/rustc/ac68faa20c58cbccd01ee7208bf3b6e93a7d7f96/library\std\src\sys\net\connection\socket/mod.rs:260:(.text+0x18164): undefined reference to `getsockopt'
/usr/x86_64-w64-mingw32/bin/ld: /home/trash/Taalcha/vendor/slint-windows-mingw/lib/libslint_cpp.a(std-b0558c7fd7f3aef7.std.103871820a823c36-cgu.0.rcgu.o): in function `std::sys::pal::windows::winsock::last_error':
/rustc/ac68faa20c58cbccd01ee7208bf3b6e93a7d7f96/library\std\src\sys\pal\windows/winsock.rs:43:(.text+0x1817a): undefined reference to `WSAGetLastError'
/usr/x86_64-w64-mingw32/bin/ld: /home/trash/Taalcha/vendor/slint-windows-mingw/lib/libslint_cpp.a(std-b0558c7fd7f3aef7.std.103871820a823c36-cgu.0.rcgu.o): in function `std::sys::net::connection::socket::getsockopt::<i32>':
/rustc/ac68faa20c58cbccd01ee7208bf3b6e93a7d7f96/library\std\src\sys\net\connection\socket/mod.rs:260:(.text+0x181d7): undefined reference to `getsockopt'
/usr/x86_64-w64-mingw32/bin/ld: /home/trash/Taalcha/vendor/slint-windows-mingw/lib/libslint_cpp.a(std-b0558c7fd7f3aef7.std.103871820a823c36-cgu.0.rcgu.o): in function `std::sys::pal::windows::winsock::last_error':
/rustc/ac68faa20c58cbccd01ee7208bf3b6e93a7d7f96/library\std\src\sys\pal\windows/winsock.rs:43:(.text+0x181ed): undefined reference to `WSAGetLastError'
/usr/x86_64-w64-mingw32/bin/ld: /home/trash/Taalcha/vendor/slint-windows-mingw/lib/libslint_cpp.a(std-b0558c7fd7f3aef7.std.103871820a823c36-cgu.0.rcgu.o): in function `std::sys::net::connection::socket::setsockopt::<std::sys::net::connection::socket::windows::netc::ip_mreq>':
/rustc/ac68faa20c58cbccd01ee7208bf3b6e93a7d7f96/library\std\src\sys\net\connection\socket/mod.rs:232:(.text+0x18244): undefined reference to `setsockopt'
/usr/x86_64-w64-mingw32/bin/ld: /home/trash/Taalcha/vendor/slint-windows-mingw/lib/libslint_cpp.a(std-b0558c7fd7f3aef7.std.103871820a823c36-cgu.0.rcgu.o): in function `std::sys::pal::windows::winsock::last_error':
/rustc/ac68faa20c58cbccd01ee7208bf3b6e93a7d7f96/library\std\src\sys\pal\windows/winsock.rs:43:(.text+0x1824e): undefined reference to `WSAGetLastError'
/usr/x86_64-w64-mingw32/bin/ld: /home/trash/Taalcha/vendor/slint-windows-mingw/lib/libslint_cpp.a(std-b0558c7fd7f3aef7.std.103871820a823c36-cgu.0.rcgu.o): in function `std::sys::net::connection::socket::setsockopt::<std::sys::net::connection::socket::windows::netc::ipv6_mreq>':
/rustc/ac68faa20c58cbccd01ee7208bf3b6e93a7d7f96/library\std\src\sys\net\connection\socket/mod.rs:232:(.text+0x182a0): undefined reference to `setsockopt'
/usr/x86_64-w64-mingw32/bin/ld: /home/trash/Taalcha/vendor/slint-windows-mingw/lib/libslint_cpp.a(std-b0558c7fd7f3aef7.std.103871820a823c36-cgu.0.rcgu.o): in function `std::sys::pal::windows::winsock::last_error':
/rustc/ac68faa20c58cbccd01ee7208bf3b6e93a7d7f96/library\std\src\sys\pal\windows/winsock.rs:43:(.text+0x182b2): undefined reference to `WSAGetLastError'
/usr/x86_64-w64-mingw32/bin/ld: /home/trash/Taalcha/vendor/slint-windows-mingw/lib/libslint_cpp.a(std-b0558c7fd7f3aef7.std.103871820a823c36-cgu.0.rcgu.o): in function `std::sys::net::connection::socket::setsockopt::<i32>':
/rustc/ac68faa20c58cbccd01ee7208bf3b6e93a7d7f96/library\std\src\sys\net\connection\socket/mod.rs:232:(.text+0x182f8): undefined reference to `setsockopt'
/usr/x86_64-w64-mingw32/bin/ld: /home/trash/Taalcha/vendor/slint-windows-mingw/lib/libslint_cpp.a(std-b0558c7fd7f3aef7.std.103871820a823c36-cgu.0.rcgu.o): in function `std::sys::pal::windows::winsock::last_error':
/rustc/ac68faa20c58cbccd01ee7208bf3b6e93a7d7f96/library\std\src\sys\pal\windows/winsock.rs:43:(.text+0x18302): undefined reference to `WSAGetLastError'
/usr/x86_64-w64-mingw32/bin/ld: /home/trash/Taalcha/vendor/slint-windows-mingw/lib/libslint_cpp.a(std-b0558c7fd7f3aef7.std.103871820a823c36-cgu.0.rcgu.o): in function `std::sys::net::connection::socket::setsockopt::<i32>':
/rustc/ac68faa20c58cbccd01ee7208bf3b6e93a7d7f96/library\std\src\sys\net\connection\socket/mod.rs:232:(.text+0x1834b): undefined reference to `setsockopt'
/usr/x86_64-w64-mingw32/bin/ld: /home/trash/Taalcha/vendor/slint-windows-mingw/lib/libslint_cpp.a(std-b0558c7fd7f3aef7.std.103871820a823c36-cgu.0.rcgu.o): in function `std::sys::pal::windows::winsock::last_error':
/rustc/ac68faa20c58cbccd01ee7208bf3b6e93a7d7f96/library\std\src\sys\pal\windows/winsock.rs:43:(.text+0x18355): undefined reference to `WSAGetLastError'
/usr/x86_64-w64-mingw32/bin/ld: /home/trash/Taalcha/vendor/slint-windows-mingw/lib/libslint_cpp.a(std-b0558c7fd7f3aef7.std.103871820a823c36-cgu.0.rcgu.o): in function `std::sys::net::connection::socket::setsockopt::<i32>':
/rustc/ac68faa20c58cbccd01ee7208bf3b6e93a7d7f96/library\std\src\sys\net\connection\socket/mod.rs:232:(.text+0x1839b): undefined reference to `setsockopt'
/usr/x86_64-w64-mingw32/bin/ld: /home/trash/Taalcha/vendor/slint-windows-mingw/lib/libslint_cpp.a(std-b0558c7fd7f3aef7.std.103871820a823c36-cgu.0.rcgu.o): in function `std::sys::pal::windows::winsock::last_error':
/rustc/ac68faa20c58cbccd01ee7208bf3b6e93a7d7f96/library\std\src\sys\pal\windows/winsock.rs:43:(.text+0x183ad): undefined reference to `WSAGetLastError'
/usr/x86_64-w64-mingw32/bin/ld: /home/trash/Taalcha/vendor/slint-windows-mingw/lib/libslint_cpp.a(std-b0558c7fd7f3aef7.std.103871820a823c36-cgu.0.rcgu.o): in function `<std::sys::net::connection::socket::windows::Socket>::recv_with_flags':
/rustc/ac68faa20c58cbccd01ee7208bf3b6e93a7d7f96/library\std\src\sys\net\connection\socket/windows.rs:233:(.text+0x183e1): undefined reference to `recv'
/usr/x86_64-w64-mingw32/bin/ld: /rustc/ac68faa20c58cbccd01ee7208bf3b6e93a7d7f96/library\std\src\sys\net\connection\socket/windows.rs:237:(.text+0x183f9): undefined reference to `WSAGetLastError'
/usr/x86_64-w64-mingw32/bin/ld: /home/trash/Taalcha/vendor/slint-windows-mingw/lib/libslint_cpp.a(std-b0558c7fd7f3aef7.std.103871820a823c36-cgu.0.rcgu.o): in function `std::sys::net::connection::socket::windows::netc::send':
/rustc/ac68faa20c58cbccd01ee7208bf3b6e93a7d7f96/library\std\src\sys\net\connection\socket/windows.rs:91:(.text+0x18451): undefined reference to `send'
/usr/x86_64-w64-mingw32/bin/ld: /home/trash/Taalcha/vendor/slint-windows-mingw/lib/libslint_cpp.a(std-b0558c7fd7f3aef7.std.103871820a823c36-cgu.0.rcgu.o): in function `std::sys::pal::windows::winsock::last_error':
/rustc/ac68faa20c58cbccd01ee7208bf3b6e93a7d7f96/library\std\src\sys\pal\windows/winsock.rs:43:(.text+0x18466): undefined reference to `WSAGetLastError'
/usr/x86_64-w64-mingw32/bin/ld: /home/trash/Taalcha/vendor/slint-windows-mingw/lib/libslint_cpp.a(std-b0558c7fd7f3aef7.std.103871820a823c36-cgu.0.rcgu.o): in function `std::sys::net::connection::socket::getsockopt::<i32>':
/rustc/ac68faa20c58cbccd01ee7208bf3b6e93a7d7f96/library\std\src\sys\net\connection\socket/mod.rs:260:(.text+0x184b7): undefined reference to `getsockopt'
/usr/x86_64-w64-mingw32/bin/ld: /home/trash/Taalcha/vendor/slint-windows-mingw/lib/libslint_cpp.a(std-b0558c7fd7f3aef7.std.103871820a823c36-cgu.0.rcgu.o): in function `std::sys::pal::windows::winsock::last_error':
/rustc/ac68faa20c58cbccd01ee7208bf3b6e93a7d7f96/library\std\src\sys\pal\windows/winsock.rs:43:(.text+0x184cd): undefined reference to `WSAGetLastError'
/usr/x86_64-w64-mingw32/bin/ld: /home/trash/Taalcha/vendor/slint-windows-mingw/lib/libslint_cpp.a(std-b0558c7fd7f3aef7.std.103871820a823c36-cgu.0.rcgu.o): in function `<std::sys::net::connection::socket::UdpSocket>::peer_addr::{closure#0}':
/rustc/ac68faa20c58cbccd01ee7208bf3b6e93a7d7f96/library\std\src\sys\net\connection\socket/mod.rs:684:(.text+0x1856a): undefined reference to `getpeername'
/usr/x86_64-w64-mingw32/bin/ld: /home/trash/Taalcha/vendor/slint-windows-mingw/lib/libslint_cpp.a(std-b0558c7fd7f3aef7.std.103871820a823c36-cgu.0.rcgu.o): in function `std::sys::pal::windows::winsock::last_error':
/rustc/ac68faa20c58cbccd01ee7208bf3b6e93a7d7f96/library\std\src\sys\pal\windows/winsock.rs:43:(.text+0x185a7): undefined reference to `WSAGetLastError'
/usr/x86_64-w64-mingw32/bin/ld: /home/trash/Taalcha/vendor/slint-windows-mingw/lib/libslint_cpp.a(std-b0558c7fd7f3aef7.std.103871820a823c36-cgu.0.rcgu.o): in function `std::sys::fs::windows::dir::nt_create_file':
/rustc/ac68faa20c58cbccd01ee7208bf3b6e93a7d7f96/library\std\src\sys\fs\windows/dir.rs:33:(.text+0x18f2f): undefined reference to `NtCreateFile'
/usr/x86_64-w64-mingw32/bin/ld: /home/trash/Taalcha/vendor/slint-windows-mingw/lib/libslint_cpp.a(std-b0558c7fd7f3aef7.std.103871820a823c36-cgu.0.rcgu.o): in function `std::sys::net::connection::socket::setsockopt::<std::sys::pal::windows::c::windows_sys::LINGER>':
/rustc/ac68faa20c58cbccd01ee7208bf3b6e93a7d7f96/library\std\src\sys\net\connection\socket/mod.rs:232:(.text+0x1964f): undefined reference to `setsockopt'
/usr/x86_64-w64-mingw32/bin/ld: /home/trash/Taalcha/vendor/slint-windows-mingw/lib/libslint_cpp.a(std-b0558c7fd7f3aef7.std.103871820a823c36-cgu.0.rcgu.o): in function `std::sys::pal::windows::winsock::last_error':
/rustc/ac68faa20c58cbccd01ee7208bf3b6e93a7d7f96/library\std\src\sys\pal\windows/winsock.rs:43:(.text+0x19659): undefined reference to `WSAGetLastError'
/usr/x86_64-w64-mingw32/bin/ld: /home/trash/Taalcha/vendor/slint-windows-mingw/lib/libslint_cpp.a(std-b0558c7fd7f3aef7.std.103871820a823c36-cgu.0.rcgu.o): in function `std::sys::net::connection::socket::getsockopt::<i32>':
/rustc/ac68faa20c58cbccd01ee7208bf3b6e93a7d7f96/library\std\src\sys\net\connection\socket/mod.rs:260:(.text+0x196b4): undefined reference to `getsockopt'
/usr/x86_64-w64-mingw32/bin/ld: /home/trash/Taalcha/vendor/slint-windows-mingw/lib/libslint_cpp.a(std-b0558c7fd7f3aef7.std.103871820a823c36-cgu.0.rcgu.o): in function `std::sys::pal::windows::winsock::last_error':
/rustc/ac68faa20c58cbccd01ee7208bf3b6e93a7d7f96/library\std\src\sys\pal\windows/winsock.rs:43:(.text+0x196d7): undefined reference to `WSAGetLastError'
/usr/x86_64-w64-mingw32/bin/ld: /home/trash/Taalcha/vendor/slint-windows-mingw/lib/libslint_cpp.a(std-b0558c7fd7f3aef7.std.103871820a823c36-cgu.0.rcgu.o): in function `std::sys::net::connection::socket::setsockopt::<i32>':
/rustc/ac68faa20c58cbccd01ee7208bf3b6e93a7d7f96/library\std\src\sys\net\connection\socket/mod.rs:232:(.text+0x1972b): undefined reference to `setsockopt'
/usr/x86_64-w64-mingw32/bin/ld: /home/trash/Taalcha/vendor/slint-windows-mingw/lib/libslint_cpp.a(std-b0558c7fd7f3aef7.std.103871820a823c36-cgu.0.rcgu.o): in function `std::sys::pal::windows::winsock::last_error':
/rustc/ac68faa20c58cbccd01ee7208bf3b6e93a7d7f96/library\std\src\sys\pal\windows/winsock.rs:43:(.text+0x1973d): undefined reference to `WSAGetLastError'
/usr/x86_64-w64-mingw32/bin/ld: /home/trash/Taalcha/vendor/slint-windows-mingw/lib/libslint_cpp.a(std-b0558c7fd7f3aef7.std.103871820a823c36-cgu.0.rcgu.o): in function `std::sys::net::connection::socket::setsockopt::<u32>':
/rustc/ac68faa20c58cbccd01ee7208bf3b6e93a7d7f96/library\std\src\sys\net\connection\socket/mod.rs:232:(.text+0x197d3): undefined reference to `setsockopt'
/usr/x86_64-w64-mingw32/bin/ld: /home/trash/Taalcha/vendor/slint-windows-mingw/lib/libslint_cpp.a(std-b0558c7fd7f3aef7.std.103871820a823c36-cgu.0.rcgu.o): in function `std::sys::pal::windows::winsock::last_error':
/rustc/ac68faa20c58cbccd01ee7208bf3b6e93a7d7f96/library\std\src\sys\pal\windows/winsock.rs:43:(.text+0x197e5): undefined reference to `WSAGetLastError'
/usr/x86_64-w64-mingw32/bin/ld: /home/trash/Taalcha/vendor/slint-windows-mingw/lib/libslint_cpp.a(std-b0558c7fd7f3aef7.std.103871820a823c36-cgu.0.rcgu.o): in function `<std::sys::net::connection::socket::windows::Socket>::read_vectored':
/rustc/ac68faa20c58cbccd01ee7208bf3b6e93a7d7f96/library\std\src\sys\net\connection\socket/windows.rs:269:(.text+0x1984d): undefined reference to `WSARecv'
/usr/x86_64-w64-mingw32/bin/ld: /rustc/ac68faa20c58cbccd01ee7208bf3b6e93a7d7f96/library\std\src\sys\net\connection\socket/windows.rs:283:(.text+0x19856): undefined reference to `WSAGetLastError'
/usr/x86_64-w64-mingw32/bin/ld: /home/trash/Taalcha/vendor/slint-windows-mingw/lib/libslint_cpp.a(std-b0558c7fd7f3aef7.std.103871820a823c36-cgu.0.rcgu.o): in function `<std::sys::net::connection::socket::windows::Socket>::write_vectored':
/rustc/ac68faa20c58cbccd01ee7208bf3b6e93a7d7f96/library\std\src\sys\net\connection\socket/windows.rs:353:(.text+0x198c6): undefined reference to `WSASend'
/usr/x86_64-w64-mingw32/bin/ld: /home/trash/Taalcha/vendor/slint-windows-mingw/lib/libslint_cpp.a(std-b0558c7fd7f3aef7.std.103871820a823c36-cgu.0.rcgu.o): in function `std::sys::pal::windows::winsock::last_error':
/rustc/ac68faa20c58cbccd01ee7208bf3b6e93a7d7f96/library\std\src\sys\pal\windows/winsock.rs:43:(.text+0x198d2): undefined reference to `WSAGetLastError'
/usr/x86_64-w64-mingw32/bin/ld: /home/trash/Taalcha/vendor/slint-windows-mingw/lib/libslint_cpp.a(std-b0558c7fd7f3aef7.std.103871820a823c36-cgu.0.rcgu.o): in function `<std::sys::net::connection::socket::windows::Socket>::set_nonblocking':
/rustc/ac68faa20c58cbccd01ee7208bf3b6e93a7d7f96/library\std\src\sys\net\connection\socket/windows.rs:409:(.text+0x19940): undefined reference to `ioctlsocket'
/usr/x86_64-w64-mingw32/bin/ld: /home/trash/Taalcha/vendor/slint-windows-mingw/lib/libslint_cpp.a(std-b0558c7fd7f3aef7.std.103871820a823c36-cgu.0.rcgu.o): in function `std::sys::pal::windows::winsock::last_error':
/rustc/ac68faa20c58cbccd01ee7208bf3b6e93a7d7f96/library\std\src\sys\pal\windows/winsock.rs:43:(.text+0x19973): undefined reference to `WSAGetLastError'
/usr/x86_64-w64-mingw32/bin/ld: /home/trash/Taalcha/vendor/slint-windows-mingw/lib/libslint_cpp.a(std-b0558c7fd7f3aef7.std.103871820a823c36-cgu.0.rcgu.o): in function `<std::sys::net::connection::socket::windows::Socket>::connect':
/rustc/ac68faa20c58cbccd01ee7208bf3b6e93a7d7f96/library\std\src\sys\net\connection\socket/windows.rs:157:(.text+0x199d4): undefined reference to `connect'
/usr/x86_64-w64-mingw32/bin/ld: /home/trash/Taalcha/vendor/slint-windows-mingw/lib/libslint_cpp.a(std-b0558c7fd7f3aef7.std.103871820a823c36-cgu.0.rcgu.o): in function `std::sys::pal::windows::winsock::last_error':
/rustc/ac68faa20c58cbccd01ee7208bf3b6e93a7d7f96/library\std\src\sys\pal\windows/winsock.rs:43:(.text+0x199e3): undefined reference to `WSAGetLastError'
/usr/x86_64-w64-mingw32/bin/ld: /home/trash/Taalcha/vendor/slint-windows-mingw/lib/libslint_cpp.a(std-b0558c7fd7f3aef7.std.103871820a823c36-cgu.0.rcgu.o): in function `<std::sys::net::connection::socket::windows::Socket>::set_nonblocking':
/rustc/ac68faa20c58cbccd01ee7208bf3b6e93a7d7f96/library\std\src\sys\net\connection\socket/windows.rs:409:(.text+0x19a13): undefined reference to `ioctlsocket'
/usr/x86_64-w64-mingw32/bin/ld: /home/trash/Taalcha/vendor/slint-windows-mingw/lib/libslint_cpp.a(std-b0558c7fd7f3aef7.std.103871820a823c36-cgu.0.rcgu.o): in function `std::sys::pal::windows::winsock::last_error':
/rustc/ac68faa20c58cbccd01ee7208bf3b6e93a7d7f96/library\std\src\sys\pal\windows/winsock.rs:43:(.text+0x19a46): undefined reference to `WSAGetLastError'
/usr/x86_64-w64-mingw32/bin/ld: /home/trash/Taalcha/vendor/slint-windows-mingw/lib/libslint_cpp.a(std-b0558c7fd7f3aef7.std.103871820a823c36-cgu.0.rcgu.o): in function `<std::sys::net::connection::socket::windows::Socket>::connect_timeout':
/rustc/ac68faa20c58cbccd01ee7208bf3b6e93a7d7f96/library\std\src\sys\net\connection\socket/windows.rs:193:(.text+0x19b64): undefined reference to `select'
/usr/x86_64-w64-mingw32/bin/ld: /home/trash/Taalcha/vendor/slint-windows-mingw/lib/libslint_cpp.a(std-b0558c7fd7f3aef7.std.103871820a823c36-cgu.0.rcgu.o): in function `std::sys::pal::windows::winsock::last_error':
/rustc/ac68faa20c58cbccd01ee7208bf3b6e93a7d7f96/library\std\src\sys\pal\windows/winsock.rs:43:(.text+0x19b72): undefined reference to `WSAGetLastError'
/usr/x86_64-w64-mingw32/bin/ld: /home/trash/Taalcha/vendor/slint-windows-mingw/lib/libslint_cpp.a(std-b0558c7fd7f3aef7.std.103871820a823c36-cgu.0.rcgu.o): in function `<std::sys::net::connection::socket::windows::Socket>::set_nonblocking':
/rustc/ac68faa20c58cbccd01ee7208bf3b6e93a7d7f96/library\std\src\sys\net\connection\socket/windows.rs:409:(.text+0x19bfd): undefined reference to `ioctlsocket'
/usr/x86_64-w64-mingw32/bin/ld: /home/trash/Taalcha/vendor/slint-windows-mingw/lib/libslint_cpp.a(std-b0558c7fd7f3aef7.std.103871820a823c36-cgu.0.rcgu.o): in function `std::sys::pal::windows::winsock::last_error':
/rustc/ac68faa20c58cbccd01ee7208bf3b6e93a7d7f96/library\std\src\sys\pal\windows/winsock.rs:43:(.text+0x19c0f): undefined reference to `WSAGetLastError'
/usr/x86_64-w64-mingw32/bin/ld: /home/trash/Taalcha/vendor/slint-windows-mingw/lib/libslint_cpp.a(std-b0558c7fd7f3aef7.std.103871820a823c36-cgu.0.rcgu.o): in function `<std::sys::net::connection::socket::windows::Socket>::recv_from_with_flags':
/rustc/ac68faa20c58cbccd01ee7208bf3b6e93a7d7f96/library\std\src\sys\net\connection\socket/windows.rs:317:(.text+0x19ca6): undefined reference to `recvfrom'
/usr/x86_64-w64-mingw32/bin/ld: /rustc/ac68faa20c58cbccd01ee7208bf3b6e93a7d7f96/library\std\src\sys\net\connection\socket/windows.rs:329:(.text+0x19cdd): undefined reference to `WSAGetLastError'
/usr/x86_64-w64-mingw32/bin/ld: /home/trash/Taalcha/vendor/slint-windows-mingw/lib/libslint_cpp.a(std-b0558c7fd7f3aef7.std.103871820a823c36-cgu.0.rcgu.o): in function `<std::sys::net::connection::socket::windows::Socket>::new':
/rustc/ac68faa20c58cbccd01ee7208bf3b6e93a7d7f96/library\std\src\sys\net\connection\socket/windows.rs:121:(.text+0x19e5d): undefined reference to `WSASocketW'
/usr/x86_64-w64-mingw32/bin/ld: /rustc/ac68faa20c58cbccd01ee7208bf3b6e93a7d7f96/library\std\src\sys\net\connection\socket/windows.rs:134:(.text+0x19e6f): undefined reference to `WSAGetLastError'
/usr/x86_64-w64-mingw32/bin/ld: /rustc/ac68faa20c58cbccd01ee7208bf3b6e93a7d7f96/library\std\src\sys\net\connection\socket/windows.rs:141:(.text+0x19e9f): undefined reference to `WSASocketW'
/usr/x86_64-w64-mingw32/bin/ld: /home/trash/Taalcha/vendor/slint-windows-mingw/lib/libslint_cpp.a(std-b0558c7fd7f3aef7.std.103871820a823c36-cgu.0.rcgu.o): in function `<std::os::windows::io::socket::OwnedSocket as core::ops::drop::Drop>::drop':
/rustc/ac68faa20c58cbccd01ee7208bf3b6e93a7d7f96/library\std\src\os\windows\io/socket.rs:198:(.text+0x19ed5): undefined reference to `closesocket'
/usr/x86_64-w64-mingw32/bin/ld: /home/trash/Taalcha/vendor/slint-windows-mingw/lib/libslint_cpp.a(std-b0558c7fd7f3aef7.std.103871820a823c36-cgu.0.rcgu.o): in function `std::sys::pal::windows::winsock::last_error':
/rustc/ac68faa20c58cbccd01ee7208bf3b6e93a7d7f96/library\std\src\sys\pal\windows/winsock.rs:43:(.text+0x19ee4): undefined reference to `WSAGetLastError'
/usr/x86_64-w64-mingw32/bin/ld: /home/trash/Taalcha/vendor/slint-windows-mingw/lib/libslint_cpp.a(std-b0558c7fd7f3aef7.std.103871820a823c36-cgu.0.rcgu.o): in function `<std::sys::net::connection::socket::windows::Socket>::recv_with_flags':
/rustc/ac68faa20c58cbccd01ee7208bf3b6e93a7d7f96/library\std\src\sys\net\connection\socket/windows.rs:233:(.text+0x19f34): undefined reference to `recv'
/usr/x86_64-w64-mingw32/bin/ld: /rustc/ac68faa20c58cbccd01ee7208bf3b6e93a7d7f96/library\std\src\sys\net\connection\socket/windows.rs:237:(.text+0x19f4c): undefined reference to `WSAGetLastError'
/usr/x86_64-w64-mingw32/bin/ld: /rustc/ac68faa20c58cbccd01ee7208bf3b6e93a7d7f96/library\std\src\sys\net\connection\socket/windows.rs:233:(.text+0x19fa1): undefined reference to `recv'
/usr/x86_64-w64-mingw32/bin/ld: /rustc/ac68faa20c58cbccd01ee7208bf3b6e93a7d7f96/library\std\src\sys\net\connection\socket/windows.rs:237:(.text+0x19fb9): undefined reference to `WSAGetLastError'
/usr/x86_64-w64-mingw32/bin/ld: /home/trash/Taalcha/vendor/slint-windows-mingw/lib/libslint_cpp.a(std-b0558c7fd7f3aef7.std.103871820a823c36-cgu.0.rcgu.o): in function `<std::sys::net::connection::socket::windows::Socket>::accept':
/rustc/ac68faa20c58cbccd01ee7208bf3b6e93a7d7f96/library\std\src\sys\net\connection\socket/windows.rs:216:(.text+0x19ffe): undefined reference to `accept'
/usr/x86_64-w64-mingw32/bin/ld: /home/trash/Taalcha/vendor/slint-windows-mingw/lib/libslint_cpp.a(std-b0558c7fd7f3aef7.std.103871820a823c36-cgu.0.rcgu.o): in function `std::sys::pal::windows::winsock::last_error':
/rustc/ac68faa20c58cbccd01ee7208bf3b6e93a7d7f96/library\std\src\sys\pal\windows/winsock.rs:43:(.text+0x1a014): undefined reference to `WSAGetLastError'
/usr/x86_64-w64-mingw32/bin/ld: /home/trash/Taalcha/vendor/slint-windows-mingw/lib/libslint_cpp.a(std-b0558c7fd7f3aef7.std.103871820a823c36-cgu.0.rcgu.o): in function `std::sys::net::connection::socket::getsockopt::<std::sys::pal::windows::c::windows_sys::LINGER>':
/rustc/ac68faa20c58cbccd01ee7208bf3b6e93a7d7f96/library\std\src\sys\net\connection\socket/mod.rs:260:(.text+0x1a067): undefined reference to `getsockopt'
/usr/x86_64-w64-mingw32/bin/ld: /home/trash/Taalcha/vendor/slint-windows-mingw/lib/libslint_cpp.a(std-b0558c7fd7f3aef7.std.103871820a823c36-cgu.0.rcgu.o): in function `std::sys::pal::windows::winsock::last_error':
/rustc/ac68faa20c58cbccd01ee7208bf3b6e93a7d7f96/library\std\src\sys\pal\windows/winsock.rs:43:(.text+0x1a086): undefined reference to `WSAGetLastError'
/usr/x86_64-w64-mingw32/bin/ld: /home/trash/Taalcha/vendor/slint-windows-mingw/lib/libslint_cpp.a(std-b0558c7fd7f3aef7.std.103871820a823c36-cgu.0.rcgu.o): in function `<std::sys::net::connection::socket::windows::Socket>::connect':
/rustc/ac68faa20c58cbccd01ee7208bf3b6e93a7d7f96/library\std\src\sys\net\connection\socket/windows.rs:157:(.text+0x1a11d): undefined reference to `connect'
/usr/x86_64-w64-mingw32/bin/ld: /home/trash/Taalcha/vendor/slint-windows-mingw/lib/libslint_cpp.a(std-b0558c7fd7f3aef7.std.103871820a823c36-cgu.0.rcgu.o): in function `std::sys::pal::windows::winsock::last_error':
/rustc/ac68faa20c58cbccd01ee7208bf3b6e93a7d7f96/library\std\src\sys\pal\windows/winsock.rs:43:(.text+0x1a12f): undefined reference to `WSAGetLastError'
/usr/x86_64-w64-mingw32/bin/ld: /home/trash/Taalcha/vendor/slint-windows-mingw/lib/libslint_cpp.a(std-b0558c7fd7f3aef7.std.103871820a823c36-cgu.0.rcgu.o): in function `std::sys::net::connection::socket::getsockopt::<i32>':
/rustc/ac68faa20c58cbccd01ee7208bf3b6e93a7d7f96/library\std\src\sys\net\connection\socket/mod.rs:260:(.text+0x1a187): undefined reference to `getsockopt'
/usr/x86_64-w64-mingw32/bin/ld: /home/trash/Taalcha/vendor/slint-windows-mingw/lib/libslint_cpp.a(std-b0558c7fd7f3aef7.std.103871820a823c36-cgu.0.rcgu.o): in function `std::sys::pal::windows::winsock::last_error':
/rustc/ac68faa20c58cbccd01ee7208bf3b6e93a7d7f96/library\std\src\sys\pal\windows/winsock.rs:43:(.text+0x1a19d): undefined reference to `WSAGetLastError'
/usr/x86_64-w64-mingw32/bin/ld: /home/trash/Taalcha/vendor/slint-windows-mingw/lib/libslint_cpp.a(std-b0558c7fd7f3aef7.std.103871820a823c36-cgu.0.rcgu.o): in function `std::sys::net::connection::socket::getsockopt::<u32>':
/rustc/ac68faa20c58cbccd01ee7208bf3b6e93a7d7f96/library\std\src\sys\net\connection\socket/mod.rs:260:(.text+0x1a1f1): undefined reference to `getsockopt'
/usr/x86_64-w64-mingw32/bin/ld: /home/trash/Taalcha/vendor/slint-windows-mingw/lib/libslint_cpp.a(std-b0558c7fd7f3aef7.std.103871820a823c36-cgu.0.rcgu.o): in function `std::sys::pal::windows::winsock::last_error':
/rustc/ac68faa20c58cbccd01ee7208bf3b6e93a7d7f96/library\std\src\sys\pal\windows/winsock.rs:43:(.text+0x1a222): undefined reference to `WSAGetLastError'
/usr/x86_64-w64-mingw32/bin/ld: /home/trash/Taalcha/vendor/slint-windows-mingw/lib/libslint_cpp.a(std-b0558c7fd7f3aef7.std.103871820a823c36-cgu.0.rcgu.o): in function `<std::sys::net::connection::socket::windows::Socket>::recv_with_flags':
/rustc/ac68faa20c58cbccd01ee7208bf3b6e93a7d7f96/library\std\src\sys\net\connection\socket/windows.rs:233:(.text+0x1a2c7): undefined reference to `recv'
/usr/x86_64-w64-mingw32/bin/ld: /rustc/ac68faa20c58cbccd01ee7208bf3b6e93a7d7f96/library\std\src\sys\net\connection\socket/windows.rs:237:(.text+0x1a2de): undefined reference to `WSAGetLastError'
/usr/x86_64-w64-mingw32/bin/ld: /home/trash/Taalcha/vendor/slint-windows-mingw/lib/libslint_cpp.a(std-b0558c7fd7f3aef7.std.103871820a823c36-cgu.0.rcgu.o): in function `<std::sys::net::connection::socket::windows::Socket>::shutdown':
/rustc/ac68faa20c58cbccd01ee7208bf3b6e93a7d7f96/library\std\src\sys\net\connection\socket/windows.rs:402:(.text+0x1a311): undefined reference to `shutdown'
/usr/x86_64-w64-mingw32/bin/ld: /home/trash/Taalcha/vendor/slint-windows-mingw/lib/libslint_cpp.a(std-b0558c7fd7f3aef7.std.103871820a823c36-cgu.0.rcgu.o): in function `std::sys::pal::windows::winsock::last_error':
/rustc/ac68faa20c58cbccd01ee7208bf3b6e93a7d7f96/library\std\src\sys\pal\windows/winsock.rs:43:(.text+0x1a323): undefined reference to `WSAGetLastError'
/usr/x86_64-w64-mingw32/bin/ld: /home/trash/Taalcha/vendor/slint-windows-mingw/lib/libslint_cpp.a(std-b0558c7fd7f3aef7.std.103871820a823c36-cgu.0.rcgu.o): in function `<std::os::windows::io::socket::BorrowedSocket>::try_clone_to_owned':
/rustc/ac68faa20c58cbccd01ee7208bf3b6e93a7d7f96/library\std\src\os\windows\io/socket.rs:104:(.text+0x1aaaa): undefined reference to `WSADuplicateSocketW'
/usr/x86_64-w64-mingw32/bin/ld: /rustc/ac68faa20c58cbccd01ee7208bf3b6e93a7d7f96/library\std\src\os\windows\io/socket.rs:112:(.text+0x1aad6): undefined reference to `WSASocketW'
/usr/x86_64-w64-mingw32/bin/ld: /rustc/ac68faa20c58cbccd01ee7208bf3b6e93a7d7f96/library\std\src\os\windows\io/socket.rs:125:(.text+0x1aae8): undefined reference to `WSAGetLastError'
/usr/x86_64-w64-mingw32/bin/ld: /rustc/ac68faa20c58cbccd01ee7208bf3b6e93a7d7f96/library\std\src\os\windows\io/socket.rs:132:(.text+0x1ab1b): undefined reference to `WSASocketW'
/usr/x86_64-w64-mingw32/bin/ld: /rustc/ac68faa20c58cbccd01ee7208bf3b6e93a7d7f96/library\std\src\os\windows\io/socket.rs:(.text+0x1ab41): undefined reference to `WSAGetLastError'
/usr/x86_64-w64-mingw32/bin/ld: /home/trash/Taalcha/vendor/slint-windows-mingw/lib/libslint_cpp.a(std-b0558c7fd7f3aef7.std.103871820a823c36-cgu.0.rcgu.o): in function `<std::os::windows::io::socket::OwnedSocket as core::ops::drop::Drop>::drop':
/rustc/ac68faa20c58cbccd01ee7208bf3b6e93a7d7f96/library\std\src\os\windows\io/socket.rs:198:(.text+0x1ab6d): undefined reference to `closesocket'
/usr/x86_64-w64-mingw32/bin/ld: /home/trash/Taalcha/vendor/slint-windows-mingw/lib/libslint_cpp.a(std-b0558c7fd7f3aef7.std.103871820a823c36-cgu.0.rcgu.o): in function `<std::sys::net::connection::socket::TcpStream>::socket_addr::{closure#0}':
/rustc/ac68faa20c58cbccd01ee7208bf3b6e93a7d7f96/library\std\src\sys\net\connection\socket/mod.rs:452:(.text+0x2045d): undefined reference to `getsockname'
/usr/x86_64-w64-mingw32/bin/ld: /home/trash/Taalcha/vendor/slint-windows-mingw/lib/libslint_cpp.a(std-b0558c7fd7f3aef7.std.103871820a823c36-cgu.0.rcgu.o): in function `std::sys::pal::windows::winsock::last_error':
/rustc/ac68faa20c58cbccd01ee7208bf3b6e93a7d7f96/library\std\src\sys\pal\windows/winsock.rs:43:(.text+0x204a2): undefined reference to `WSAGetLastError'
/usr/x86_64-w64-mingw32/bin/ld: /home/trash/Taalcha/vendor/slint-windows-mingw/lib/libslint_cpp.a(std-b0558c7fd7f3aef7.std.103871820a823c36-cgu.0.rcgu.o): in function `<std::sys::net::connection::socket::TcpStream>::peer_addr::{closure#0}':
/rustc/ac68faa20c58cbccd01ee7208bf3b6e93a7d7f96/library\std\src\sys\net\connection\socket/mod.rs:448:(.text+0x2059d): undefined reference to `getpeername'
/usr/x86_64-w64-mingw32/bin/ld: /home/trash/Taalcha/vendor/slint-windows-mingw/lib/libslint_cpp.a(std-b0558c7fd7f3aef7.std.103871820a823c36-cgu.0.rcgu.o): in function `std::sys::pal::windows::winsock::last_error':
/rustc/ac68faa20c58cbccd01ee7208bf3b6e93a7d7f96/library\std\src\sys\pal\windows/winsock.rs:43:(.text+0x205e2): undefined reference to `WSAGetLastError'
/usr/x86_64-w64-mingw32/bin/ld: /home/trash/Taalcha/vendor/slint-windows-mingw/lib/libslint_cpp.a(std-b0558c7fd7f3aef7.std.103871820a823c36-cgu.0.rcgu.o): in function `<std::sys::pal::windows::handle::Handle>::synchronous_read':
/rustc/ac68faa20c58cbccd01ee7208bf3b6e93a7d7f96/library\std\src\sys\pal\windows/handle.rs:260:(.text+0x23b72): undefined reference to `NtReadFile'
/usr/x86_64-w64-mingw32/bin/ld: /rustc/ac68faa20c58cbccd01ee7208bf3b6e93a7d7f96/library\std\src\sys\pal\windows/handle.rs:260:(.text+0x23c65): undefined reference to `NtReadFile'
/usr/x86_64-w64-mingw32/bin/ld: /rustc/ac68faa20c58cbccd01ee7208bf3b6e93a7d7f96/library\std\src\sys\pal\windows/handle.rs:260:(.text+0x2404c): undefined reference to `NtReadFile'
/usr/x86_64-w64-mingw32/bin/ld: /home/trash/Taalcha/vendor/slint-windows-mingw/lib/libslint_cpp.a(std-b0558c7fd7f3aef7.std.103871820a823c36-cgu.0.rcgu.o): in function `<std::sys::pal::windows::handle::Handle>::synchronous_write':
/rustc/ac68faa20c58cbccd01ee7208bf3b6e93a7d7f96/library\std\src\sys\pal\windows/handle.rs:310:(.text+0x241bb): undefined reference to `NtWriteFile'
/usr/x86_64-w64-mingw32/bin/ld: /home/trash/Taalcha/vendor/slint-windows-mingw/lib/libslint_cpp.a(std-b0558c7fd7f3aef7.std.103871820a823c36-cgu.0.rcgu.o): in function `std::sys::net::connection::socket::setsockopt::<i32>':
/rustc/ac68faa20c58cbccd01ee7208bf3b6e93a7d7f96/library\std\src\sys\net\connection\socket/mod.rs:232:(.text+0x245eb): undefined reference to `setsockopt'
/usr/x86_64-w64-mingw32/bin/ld: /home/trash/Taalcha/vendor/slint-windows-mingw/lib/libslint_cpp.a(std-b0558c7fd7f3aef7.std.103871820a823c36-cgu.0.rcgu.o): in function `std::sys::pal::windows::winsock::last_error':
/rustc/ac68faa20c58cbccd01ee7208bf3b6e93a7d7f96/library\std\src\sys\pal\windows/winsock.rs:43:(.text+0x245fd): undefined reference to `WSAGetLastError'
/usr/x86_64-w64-mingw32/bin/ld: /home/trash/Taalcha/vendor/slint-windows-mingw/lib/libslint_cpp.a(std-b0558c7fd7f3aef7.std.103871820a823c36-cgu.0.rcgu.o): in function `<std::sys::net::connection::socket::windows::Socket>::accept':
/rustc/ac68faa20c58cbccd01ee7208bf3b6e93a7d7f96/library\std\src\sys\net\connection\socket/windows.rs:216:(.text+0x24639): undefined reference to `accept'
/usr/x86_64-w64-mingw32/bin/ld: /home/trash/Taalcha/vendor/slint-windows-mingw/lib/libslint_cpp.a(std-b0558c7fd7f3aef7.std.103871820a823c36-cgu.0.rcgu.o): in function `std::sys::pal::windows::winsock::last_error':
/rustc/ac68faa20c58cbccd01ee7208bf3b6e93a7d7f96/library\std\src\sys\pal\windows/winsock.rs:43:(.text+0x24678): undefined reference to `WSAGetLastError'
/usr/x86_64-w64-mingw32/bin/ld: /home/trash/Taalcha/vendor/slint-windows-mingw/lib/libslint_cpp.a(std-b0558c7fd7f3aef7.std.103871820a823c36-cgu.0.rcgu.o): in function `<std::os::windows::io::socket::OwnedSocket as core::ops::drop::Drop>::drop':
/rustc/ac68faa20c58cbccd01ee7208bf3b6e93a7d7f96/library\std\src\os\windows\io/socket.rs:198:(.text+0x246e0): undefined reference to `closesocket'
/usr/x86_64-w64-mingw32/bin/ld: /rustc/ac68faa20c58cbccd01ee7208bf3b6e93a7d7f96/library\std\src\os\windows\io/socket.rs:198:(.text+0x24739): undefined reference to `closesocket'
/usr/x86_64-w64-mingw32/bin/ld: /home/trash/Taalcha/vendor/slint-windows-mingw/lib/libslint_cpp.a(std-b0558c7fd7f3aef7.std.103871820a823c36-cgu.0.rcgu.o): in function `std::sys::net::connection::socket::getsockopt::<i32>':
/rustc/ac68faa20c58cbccd01ee7208bf3b6e93a7d7f96/library\std\src\sys\net\connection\socket/mod.rs:260:(.text+0x24787): undefined reference to `getsockopt'
/usr/x86_64-w64-mingw32/bin/ld: /home/trash/Taalcha/vendor/slint-windows-mingw/lib/libslint_cpp.a(std-b0558c7fd7f3aef7.std.103871820a823c36-cgu.0.rcgu.o): in function `std::sys::pal::windows::winsock::last_error':
/rustc/ac68faa20c58cbccd01ee7208bf3b6e93a7d7f96/library\std\src\sys\pal\windows/winsock.rs:43:(.text+0x2479d): undefined reference to `WSAGetLastError'
/usr/x86_64-w64-mingw32/bin/ld: /home/trash/Taalcha/vendor/slint-windows-mingw/lib/libslint_cpp.a(std-b0558c7fd7f3aef7.std.103871820a823c36-cgu.0.rcgu.o): in function `<std::os::windows::net::stream::UnixStream>::local_addr::{closure#0}':
/rustc/ac68faa20c58cbccd01ee7208bf3b6e93a7d7f96/library\std\src\os\windows\net/stream.rs:126:(.text+0x2c916): undefined reference to `getsockname'
/usr/x86_64-w64-mingw32/bin/ld: /home/trash/Taalcha/vendor/slint-windows-mingw/lib/libslint_cpp.a(std-b0558c7fd7f3aef7.std.103871820a823c36-cgu.0.rcgu.o): in function `std::sys::net::connection::socket::getsockopt::<i32>':
/rustc/ac68faa20c58cbccd01ee7208bf3b6e93a7d7f96/library\std\src\sys\net\connection\socket/mod.rs:260:(.text+0x2c9e4): undefined reference to `getsockopt'
/usr/x86_64-w64-mingw32/bin/ld: /home/trash/Taalcha/vendor/slint-windows-mingw/lib/libslint_cpp.a(std-b0558c7fd7f3aef7.std.103871820a823c36-cgu.0.rcgu.o): in function `std::sys::pal::windows::winsock::last_error':
/rustc/ac68faa20c58cbccd01ee7208bf3b6e93a7d7f96/library\std\src\sys\pal\windows/winsock.rs:43:(.text+0x2ca07): undefined reference to `WSAGetLastError'
/usr/x86_64-w64-mingw32/bin/ld: /home/trash/Taalcha/vendor/slint-windows-mingw/lib/libslint_cpp.a(std-b0558c7fd7f3aef7.std.103871820a823c36-cgu.0.rcgu.o): in function `<std::os::windows::net::stream::UnixStream>::connect_addr':
/rustc/ac68faa20c58cbccd01ee7208bf3b6e93a7d7f96/library\std\src\os\windows\net/stream.rs:102:(.text+0x2ca74): undefined reference to `connect'
/usr/x86_64-w64-mingw32/bin/ld: /home/trash/Taalcha/vendor/slint-windows-mingw/lib/libslint_cpp.a(std-b0558c7fd7f3aef7.std.103871820a823c36-cgu.0.rcgu.o): in function `<std::os::windows::io::socket::OwnedSocket as core::ops::drop::Drop>::drop':
/rustc/ac68faa20c58cbccd01ee7208bf3b6e93a7d7f96/library\std\src\os\windows\io/socket.rs:198:(.text+0x2ca8f): undefined reference to `closesocket'
/usr/x86_64-w64-mingw32/bin/ld: /home/trash/Taalcha/vendor/slint-windows-mingw/lib/libslint_cpp.a(std-b0558c7fd7f3aef7.std.103871820a823c36-cgu.0.rcgu.o): in function `std::sys::net::connection::socket::getsockopt::<u32>':
/rustc/ac68faa20c58cbccd01ee7208bf3b6e93a7d7f96/library\std\src\sys\net\connection\socket/mod.rs:260:(.text+0x2cae7): undefined reference to `getsockopt'
/usr/x86_64-w64-mingw32/bin/ld: /home/trash/Taalcha/vendor/slint-windows-mingw/lib/libslint_cpp.a(std-b0558c7fd7f3aef7.std.103871820a823c36-cgu.0.rcgu.o): in function `std::sys::pal::windows::winsock::last_error':
/rustc/ac68faa20c58cbccd01ee7208bf3b6e93a7d7f96/library\std\src\sys\pal\windows/winsock.rs:43:(.text+0x2cb18): undefined reference to `WSAGetLastError'
/usr/x86_64-w64-mingw32/bin/ld: /home/trash/Taalcha/vendor/slint-windows-mingw/lib/libslint_cpp.a(std-b0558c7fd7f3aef7.std.103871820a823c36-cgu.0.rcgu.o): in function `std::sys::net::connection::socket::getsockopt::<u32>':
/rustc/ac68faa20c58cbccd01ee7208bf3b6e93a7d7f96/library\std\src\sys\net\connection\socket/mod.rs:260:(.text+0x2cb77): undefined reference to `getsockopt'
/usr/x86_64-w64-mingw32/bin/ld: /home/trash/Taalcha/vendor/slint-windows-mingw/lib/libslint_cpp.a(std-b0558c7fd7f3aef7.std.103871820a823c36-cgu.0.rcgu.o): in function `std::sys::pal::windows::winsock::last_error':
/rustc/ac68faa20c58cbccd01ee7208bf3b6e93a7d7f96/library\std\src\sys\pal\windows/winsock.rs:43:(.text+0x2cba8): undefined reference to `WSAGetLastError'
/usr/x86_64-w64-mingw32/bin/ld: /home/trash/Taalcha/vendor/slint-windows-mingw/lib/libslint_cpp.a(std-b0558c7fd7f3aef7.std.103871820a823c36-cgu.0.rcgu.o): in function `<std::sys::net::connection::socket::windows::Socket>::set_nonblocking':
/rustc/ac68faa20c58cbccd01ee7208bf3b6e93a7d7f96/library\std\src\sys\net\connection\socket/windows.rs:409:(.text+0x2cbed): undefined reference to `ioctlsocket'
/usr/x86_64-w64-mingw32/bin/ld: /home/trash/Taalcha/vendor/slint-windows-mingw/lib/libslint_cpp.a(std-b0558c7fd7f3aef7.std.103871820a823c36-cgu.0.rcgu.o): in function `std::sys::pal::windows::winsock::last_error':
/rustc/ac68faa20c58cbccd01ee7208bf3b6e93a7d7f96/library\std\src\sys\pal\windows/winsock.rs:43:(.text+0x2cbff): undefined reference to `WSAGetLastError'
/usr/x86_64-w64-mingw32/bin/ld: /home/trash/Taalcha/vendor/slint-windows-mingw/lib/libslint_cpp.a(std-b0558c7fd7f3aef7.std.103871820a823c36-cgu.0.rcgu.o): in function `std::sys::net::connection::socket::setsockopt::<u32>':
/rustc/ac68faa20c58cbccd01ee7208bf3b6e93a7d7f96/library\std\src\sys\net\connection\socket/mod.rs:232:(.text+0x2cca3): undefined reference to `setsockopt'
/usr/x86_64-w64-mingw32/bin/ld: /home/trash/Taalcha/vendor/slint-windows-mingw/lib/libslint_cpp.a(std-b0558c7fd7f3aef7.std.103871820a823c36-cgu.0.rcgu.o): in function `std::sys::pal::windows::winsock::last_error':
/rustc/ac68faa20c58cbccd01ee7208bf3b6e93a7d7f96/library\std\src\sys\pal\windows/winsock.rs:43:(.text+0x2ccb5): undefined reference to `WSAGetLastError'
/usr/x86_64-w64-mingw32/bin/ld: /home/trash/Taalcha/vendor/slint-windows-mingw/lib/libslint_cpp.a(std-b0558c7fd7f3aef7.std.103871820a823c36-cgu.0.rcgu.o): in function `std::sys::net::connection::socket::setsockopt::<u32>':
/rustc/ac68faa20c58cbccd01ee7208bf3b6e93a7d7f96/library\std\src\sys\net\connection\socket/mod.rs:232:(.text+0x2cd63): undefined reference to `setsockopt'
/usr/x86_64-w64-mingw32/bin/ld: /home/trash/Taalcha/vendor/slint-windows-mingw/lib/libslint_cpp.a(std-b0558c7fd7f3aef7.std.103871820a823c36-cgu.0.rcgu.o): in function `std::sys::pal::windows::winsock::last_error':
/rustc/ac68faa20c58cbccd01ee7208bf3b6e93a7d7f96/library\std\src\sys\pal\windows/winsock.rs:43:(.text+0x2cd75): undefined reference to `WSAGetLastError'
/usr/x86_64-w64-mingw32/bin/ld: /home/trash/Taalcha/vendor/slint-windows-mingw/lib/libslint_cpp.a(std-b0558c7fd7f3aef7.std.103871820a823c36-cgu.0.rcgu.o): in function `<std::sys::net::connection::socket::windows::Socket>::shutdown':
/rustc/ac68faa20c58cbccd01ee7208bf3b6e93a7d7f96/library\std\src\sys\net\connection\socket/windows.rs:402:(.text+0x2cdb1): undefined reference to `shutdown'
/usr/x86_64-w64-mingw32/bin/ld: /home/trash/Taalcha/vendor/slint-windows-mingw/lib/libslint_cpp.a(std-b0558c7fd7f3aef7.std.103871820a823c36-cgu.0.rcgu.o): in function `std::sys::pal::windows::winsock::last_error':
/rustc/ac68faa20c58cbccd01ee7208bf3b6e93a7d7f96/library\std\src\sys\pal\windows/winsock.rs:43:(.text+0x2cdc3): undefined reference to `WSAGetLastError'
/usr/x86_64-w64-mingw32/bin/ld: /home/trash/Taalcha/vendor/slint-windows-mingw/lib/libslint_cpp.a(std-b0558c7fd7f3aef7.std.103871820a823c36-cgu.0.rcgu.o): in function `<std::os::windows::net::stream::UnixStream>::peer_addr::{closure#0}':
/rustc/ac68faa20c58cbccd01ee7208bf3b6e93a7d7f96/library\std\src\os\windows\net/stream.rs:144:(.text+0x2ce26): undefined reference to `getpeername'
/usr/x86_64-w64-mingw32/bin/ld: /home/trash/Taalcha/vendor/slint-windows-mingw/lib/libslint_cpp.a(std-b0558c7fd7f3aef7.std.103871820a823c36-cgu.0.rcgu.o): in function `<std::sys::net::connection::socket::windows::Socket>::accept':
/rustc/ac68faa20c58cbccd01ee7208bf3b6e93a7d7f96/library\std\src\sys\net\connection\socket/windows.rs:216:(.text+0x2cf36): undefined reference to `accept'
/usr/x86_64-w64-mingw32/bin/ld: /home/trash/Taalcha/vendor/slint-windows-mingw/lib/libslint_cpp.a(std-b0558c7fd7f3aef7.std.103871820a823c36-cgu.0.rcgu.o): in function `std::sys::pal::windows::winsock::last_error':
/rustc/ac68faa20c58cbccd01ee7208bf3b6e93a7d7f96/library\std\src\sys\pal\windows/winsock.rs:43:(.text+0x2cf61): undefined reference to `WSAGetLastError'
/usr/x86_64-w64-mingw32/bin/ld: /home/trash/Taalcha/vendor/slint-windows-mingw/lib/libslint_cpp.a(std-b0558c7fd7f3aef7.std.103871820a823c36-cgu.0.rcgu.o): in function `<std::os::windows::io::socket::OwnedSocket as core::ops::drop::Drop>::drop':
/rustc/ac68faa20c58cbccd01ee7208bf3b6e93a7d7f96/library\std\src\os\windows\io/socket.rs:198:(.text+0x2cf90): undefined reference to `closesocket'
/usr/x86_64-w64-mingw32/bin/ld: /home/trash/Taalcha/vendor/slint-windows-mingw/lib/libslint_cpp.a(std-b0558c7fd7f3aef7.std.103871820a823c36-cgu.0.rcgu.o): in function `<std::os::windows::net::listener::UnixListener>::bind_addr':
/rustc/ac68faa20c58cbccd01ee7208bf3b6e93a7d7f96/library\std\src\os\windows\net/listener.rs:109:(.text+0x2d034): undefined reference to `bind'
/usr/x86_64-w64-mingw32/bin/ld: /rustc/ac68faa20c58cbccd01ee7208bf3b6e93a7d7f96/library\std\src\os\windows\net/listener.rs:110:(.text+0x2d045): undefined reference to `listen'
/usr/x86_64-w64-mingw32/bin/ld: /home/trash/Taalcha/vendor/slint-windows-mingw/lib/libslint_cpp.a(std-b0558c7fd7f3aef7.std.103871820a823c36-cgu.0.rcgu.o): in function `<std::os::windows::io::socket::OwnedSocket as core::ops::drop::Drop>::drop':
/rustc/ac68faa20c58cbccd01ee7208bf3b6e93a7d7f96/library\std\src\os\windows\io/socket.rs:198:(.text+0x2d060): undefined reference to `closesocket'
/usr/x86_64-w64-mingw32/bin/ld: /home/trash/Taalcha/vendor/slint-windows-mingw/lib/libslint_cpp.a(std-b0558c7fd7f3aef7.std.103871820a823c36-cgu.0.rcgu.o): in function `std::sys::net::connection::socket::windows::netc::sendto':
/rustc/ac68faa20c58cbccd01ee7208bf3b6e93a7d7f96/library\std\src\sys\net\connection\socket/windows.rs:101:(.text+0x2d952): undefined reference to `sendto'
/usr/x86_64-w64-mingw32/bin/ld: /home/trash/Taalcha/vendor/slint-windows-mingw/lib/libslint_cpp.a(std-b0558c7fd7f3aef7.std.103871820a823c36-cgu.0.rcgu.o): in function `std::sys::pal::windows::winsock::last_error':
/rustc/ac68faa20c58cbccd01ee7208bf3b6e93a7d7f96/library\std\src\sys\pal\windows/winsock.rs:43:(.text+0x2d963): undefined reference to `WSAGetLastError'
/usr/x86_64-w64-mingw32/bin/ld: /home/trash/Taalcha/vendor/slint-windows-mingw/lib/libslint_cpp.a(std-b0558c7fd7f3aef7.std.103871820a823c36-cgu.0.rcgu.o): in function `std::sys::net::hostname::windows::hostname':
/rustc/ac68faa20c58cbccd01ee7208bf3b6e93a7d7f96/library\std\src\sys\net\hostname/windows.rs:15:(.text+0x377d9): undefined reference to `GetHostNameW'
/usr/x86_64-w64-mingw32/bin/ld: /home/trash/Taalcha/vendor/slint-windows-mingw/lib/libslint_cpp.a(std-b0558c7fd7f3aef7.std.103871820a823c36-cgu.0.rcgu.o): in function `std::sys::pal::windows::winsock::last_error':
/rustc/ac68faa20c58cbccd01ee7208bf3b6e93a7d7f96/library\std\src\sys\pal\windows/winsock.rs:43:(.text+0x37806): undefined reference to `WSAGetLastError'
/usr/x86_64-w64-mingw32/bin/ld: /home/trash/Taalcha/vendor/slint-windows-mingw/lib/libslint_cpp.a(std-b0558c7fd7f3aef7.std.103871820a823c36-cgu.0.rcgu.o): in function `std::sys::fs::windows::remove_dir_all::nt_open_file':
/rustc/ac68faa20c58cbccd01ee7208bf3b6e93a7d7f96/library\std\src\sys\fs\windows/remove_dir_all.rs:55:(.text+0x3efc5): undefined reference to `NtOpenFile'
/usr/x86_64-w64-mingw32/bin/ld: /rustc/ac68faa20c58cbccd01ee7208bf3b6e93a7d7f96/library\std\src\sys\fs\windows/remove_dir_all.rs:55:(.text+0x3f07e): undefined reference to `NtOpenFile'
/usr/x86_64-w64-mingw32/bin/ld: /rustc/ac68faa20c58cbccd01ee7208bf3b6e93a7d7f96/library\std\src\sys\fs\windows/remove_dir_all.rs:55:(.text+0x42a85): undefined reference to `NtOpenFile'
/usr/x86_64-w64-mingw32/bin/ld: /rustc/ac68faa20c58cbccd01ee7208bf3b6e93a7d7f96/library\std\src\sys\fs\windows/remove_dir_all.rs:55:(.text+0x42afe): undefined reference to `NtOpenFile'
/usr/x86_64-w64-mingw32/bin/ld: /home/trash/Taalcha/vendor/slint-windows-mingw/lib/libslint_cpp.a(std-b0558c7fd7f3aef7.std.103871820a823c36-cgu.0.rcgu.o): in function `std::sys::net::connection::socket::windows::netc::getaddrinfo':
/rustc/ac68faa20c58cbccd01ee7208bf3b6e93a7d7f96/library\std\src\sys\net\connection\socket/windows.rs:109:(.text+0x4357b): undefined reference to `getaddrinfo'
/usr/x86_64-w64-mingw32/bin/ld: /home/trash/Taalcha/vendor/slint-windows-mingw/lib/libslint_cpp.a(std-b0558c7fd7f3aef7.std.103871820a823c36-cgu.0.rcgu.o): in function `std::sys::pal::windows::winsock::last_error':
/rustc/ac68faa20c58cbccd01ee7208bf3b6e93a7d7f96/library\std\src\sys\pal\windows/winsock.rs:43:(.text+0x43584): undefined reference to `WSAGetLastError'
/usr/x86_64-w64-mingw32/bin/ld: /home/trash/Taalcha/vendor/slint-windows-mingw/lib/libslint_cpp.a(std-b0558c7fd7f3aef7.std.103871820a823c36-cgu.0.rcgu.o): in function `std::sys::pal::windows::winsock::wsa_startup':
/rustc/ac68faa20c58cbccd01ee7208bf3b6e93a7d7f96/library\std\src\sys\pal\windows/winsock.rs:22:(.text+0x4368d): undefined reference to `WSAStartup'
/usr/x86_64-w64-mingw32/bin/ld: /rustc/ac68faa20c58cbccd01ee7208bf3b6e93a7d7f96/library\std\src\sys\pal\windows/winsock.rs:30:(.text+0x436a8): undefined reference to `WSACleanup'
/usr/x86_64-w64-mingw32/bin/ld: /home/trash/Taalcha/vendor/slint-windows-mingw/lib/libslint_cpp.a(std-b0558c7fd7f3aef7.std.103871820a823c36-cgu.0.rcgu.o): in function `std::sys::process::windows::child_pipe::child_pipe':
/rustc/ac68faa20c58cbccd01ee7208bf3b6e93a7d7f96/library\std\src\sys\process\windows/child_pipe.rs:79:(.text+0x4375d): undefined reference to `NtOpenFile'
/usr/x86_64-w64-mingw32/bin/ld: /rustc/ac68faa20c58cbccd01ee7208bf3b6e93a7d7f96/library\std\src\sys\process\windows/child_pipe.rs:116:(.text+0x437f3): undefined reference to `NtCreateNamedPipeFile'
/usr/x86_64-w64-mingw32/bin/ld: /rustc/ac68faa20c58cbccd01ee7208bf3b6e93a7d7f96/library\std\src\sys\process\windows/child_pipe.rs:150:(.text+0x4383b): undefined reference to `NtOpenFile'
/usr/x86_64-w64-mingw32/bin/ld: /home/trash/Taalcha/vendor/slint-windows-mingw/lib/libslint_cpp.a(std-b0558c7fd7f3aef7.std.103871820a823c36-cgu.0.rcgu.o): in function `<std::sys::net::connection::socket::windows::Socket>::connect':
/rustc/ac68faa20c58cbccd01ee7208bf3b6e93a7d7f96/library\std\src\sys\net\connection\socket/windows.rs:157:(.text+0x44014): undefined reference to `connect'
/usr/x86_64-w64-mingw32/bin/ld: /home/trash/Taalcha/vendor/slint-windows-mingw/lib/libslint_cpp.a(std-b0558c7fd7f3aef7.std.103871820a823c36-cgu.0.rcgu.o): in function `std::sys::pal::windows::winsock::last_error':
/rustc/ac68faa20c58cbccd01ee7208bf3b6e93a7d7f96/library\std\src\sys\pal\windows/winsock.rs:43:(.text+0x44025): undefined reference to `WSAGetLastError'
/usr/x86_64-w64-mingw32/bin/ld: /home/trash/Taalcha/vendor/slint-windows-mingw/lib/libslint_cpp.a(std-b0558c7fd7f3aef7.std.103871820a823c36-cgu.0.rcgu.o): in function `<std::os::windows::io::socket::OwnedSocket as core::ops::drop::Drop>::drop':
/rustc/ac68faa20c58cbccd01ee7208bf3b6e93a7d7f96/library\std\src\os\windows\io/socket.rs:198:(.text+0x44037): undefined reference to `closesocket'
/usr/x86_64-w64-mingw32/bin/ld: /home/trash/Taalcha/vendor/slint-windows-mingw/lib/libslint_cpp.a(std-b0558c7fd7f3aef7.std.103871820a823c36-cgu.0.rcgu.o): in function `<std::sys::net::connection::socket::TcpListener>::bind::inner':
/rustc/ac68faa20c58cbccd01ee7208bf3b6e93a7d7f96/library\std\src\sys\net\connection\socket/mod.rs:557:(.text+0x440f1): undefined reference to `bind'
/usr/x86_64-w64-mingw32/bin/ld: /rustc/ac68faa20c58cbccd01ee7208bf3b6e93a7d7f96/library\std\src\sys\net\connection\socket/mod.rs:574:(.text+0x44103): undefined reference to `listen'
/usr/x86_64-w64-mingw32/bin/ld: /home/trash/Taalcha/vendor/slint-windows-mingw/lib/libslint_cpp.a(std-b0558c7fd7f3aef7.std.103871820a823c36-cgu.0.rcgu.o): in function `std::sys::pal::windows::winsock::last_error':
/rustc/ac68faa20c58cbccd01ee7208bf3b6e93a7d7f96/library\std\src\sys\pal\windows/winsock.rs:43:(.text+0x44111): undefined reference to `WSAGetLastError'
/usr/x86_64-w64-mingw32/bin/ld: /home/trash/Taalcha/vendor/slint-windows-mingw/lib/libslint_cpp.a(std-b0558c7fd7f3aef7.std.103871820a823c36-cgu.0.rcgu.o): in function `<std::os::windows::io::socket::OwnedSocket as core::ops::drop::Drop>::drop':
/rustc/ac68faa20c58cbccd01ee7208bf3b6e93a7d7f96/library\std\src\os\windows\io/socket.rs:198:(.text+0x44123): undefined reference to `closesocket'
/usr/x86_64-w64-mingw32/bin/ld: /home/trash/Taalcha/vendor/slint-windows-mingw/lib/libslint_cpp.a(std-b0558c7fd7f3aef7.std.103871820a823c36-cgu.0.rcgu.o): in function `<std::sys::net::connection::socket::UdpSocket>::bind::inner':
/rustc/ac68faa20c58cbccd01ee7208bf3b6e93a7d7f96/library\std\src\sys\net\connection\socket/mod.rs:669:(.text+0x441e4): undefined reference to `bind'
/usr/x86_64-w64-mingw32/bin/ld: /home/trash/Taalcha/vendor/slint-windows-mingw/lib/libslint_cpp.a(std-b0558c7fd7f3aef7.std.103871820a823c36-cgu.0.rcgu.o): in function `std::sys::pal::windows::winsock::last_error':
/rustc/ac68faa20c58cbccd01ee7208bf3b6e93a7d7f96/library\std\src\sys\pal\windows/winsock.rs:43:(.text+0x441f5): undefined reference to `WSAGetLastError'
/usr/x86_64-w64-mingw32/bin/ld: /home/trash/Taalcha/vendor/slint-windows-mingw/lib/libslint_cpp.a(std-b0558c7fd7f3aef7.std.103871820a823c36-cgu.0.rcgu.o): in function `<std::os::windows::io::socket::OwnedSocket as core::ops::drop::Drop>::drop':
/rustc/ac68faa20c58cbccd01ee7208bf3b6e93a7d7f96/library\std\src\os\windows\io/socket.rs:198:(.text+0x44207): undefined reference to `closesocket'
/usr/x86_64-w64-mingw32/bin/ld: /home/trash/Taalcha/vendor/slint-windows-mingw/lib/libslint_cpp.a(std-b0558c7fd7f3aef7.std.103871820a823c36-cgu.0.rcgu.o): in function `<std::sys::net::connection::socket::UdpSocket>::connect::inner::{closure#0}':
/rustc/ac68faa20c58cbccd01ee7208bf3b6e93a7d7f96/library\std\src\sys\net\connection\socket/mod.rs:865:(.text+0x4428d): undefined reference to `connect'
/usr/x86_64-w64-mingw32/bin/ld: /home/trash/Taalcha/vendor/slint-windows-mingw/lib/libslint_cpp.a(std-b0558c7fd7f3aef7.std.103871820a823c36-cgu.0.rcgu.o): in function `std::sys::pal::windows::winsock::last_error':
/rustc/ac68faa20c58cbccd01ee7208bf3b6e93a7d7f96/library\std\src\sys\pal\windows/winsock.rs:43:(.text+0x4429f): undefined reference to `WSAGetLastError'
/usr/x86_64-w64-mingw32/bin/ld: /home/trash/Taalcha/vendor/slint-windows-mingw/lib/libslint_cpp.a(std-b0558c7fd7f3aef7.std.103871820a823c36-cgu.0.rcgu.o): in function `<std::sys::net::connection::socket::LookupHost as core::ops::drop::Drop>::drop':
/rustc/ac68faa20c58cbccd01ee7208bf3b6e93a7d7f96/library\std\src\sys\net\connection\socket/mod.rs:339:(.text+0x4569f): undefined reference to `freeaddrinfo'
/usr/x86_64-w64-mingw32/bin/ld: /rustc/ac68faa20c58cbccd01ee7208bf3b6e93a7d7f96/library\std\src\sys\net\connection\socket/mod.rs:339:(.text+0x45771): undefined reference to `freeaddrinfo'
/usr/x86_64-w64-mingw32/bin/ld: /rustc/ac68faa20c58cbccd01ee7208bf3b6e93a7d7f96/library\std\src\sys\net\connection\socket/mod.rs:339:(.text+0x457b2): undefined reference to `freeaddrinfo'
/usr/x86_64-w64-mingw32/bin/ld: /rustc/ac68faa20c58cbccd01ee7208bf3b6e93a7d7f96/library\std\src\sys\net\connection\socket/mod.rs:339:(.text+0x457ca): undefined reference to `freeaddrinfo'
/usr/x86_64-w64-mingw32/bin/ld: /home/trash/Taalcha/vendor/slint-windows-mingw/lib/libslint_cpp.a(std-b0558c7fd7f3aef7.std.103871820a823c36-cgu.0.rcgu.o): in function `<std::os::windows::net::stream::UnixStream>::local_addr::{closure#0}':
/rustc/ac68faa20c58cbccd01ee7208bf3b6e93a7d7f96/library\std\src\os\windows\net/stream.rs:126:(.text+0x464bd): undefined reference to `getsockname'
/usr/x86_64-w64-mingw32/bin/ld: /home/trash/Taalcha/vendor/slint-windows-mingw/lib/libslint_cpp.a(std-b0558c7fd7f3aef7.std.103871820a823c36-cgu.0.rcgu.o): in function `<std::os::windows::net::stream::UnixStream>::peer_addr::{closure#0}':
/rustc/ac68faa20c58cbccd01ee7208bf3b6e93a7d7f96/library\std\src\os\windows\net/stream.rs:144:(.text+0x46549): undefined reference to `getpeername'
/usr/x86_64-w64-mingw32/bin/ld: /home/trash/Taalcha/vendor/slint-windows-mingw/lib/libslint_cpp.a(std-b0558c7fd7f3aef7.std.103871820a823c36-cgu.0.rcgu.o): in function `<std::os::windows::net::listener::UnixListener>::local_addr::{closure#0}':
/rustc/ac68faa20c58cbccd01ee7208bf3b6e93a7d7f96/library\std\src\os\windows\net/listener.rs:162:(.text+0x467da): undefined reference to `getsockname'
/usr/x86_64-w64-mingw32/bin/ld: /home/trash/Taalcha/vendor/slint-windows-mingw/lib/libslint_cpp.a(std-b0558c7fd7f3aef7.std.103871820a823c36-cgu.0.rcgu.o): in function `<std::sys::net::connection::socket::windows::Socket>::write_vectored':
/rustc/ac68faa20c58cbccd01ee7208bf3b6e93a7d7f96/library\std\src\sys\net\connection\socket/windows.rs:353:(.text+0x47de6): undefined reference to `WSASend'
/usr/x86_64-w64-mingw32/bin/ld: /home/trash/Taalcha/vendor/slint-windows-mingw/lib/libslint_cpp.a(std-b0558c7fd7f3aef7.std.103871820a823c36-cgu.0.rcgu.o): in function `std::sys::pal::windows::winsock::last_error':
/rustc/ac68faa20c58cbccd01ee7208bf3b6e93a7d7f96/library\std\src\sys\pal\windows/winsock.rs:43:(.text+0x47df2): undefined reference to `WSAGetLastError'
/usr/x86_64-w64-mingw32/bin/ld: /home/trash/Taalcha/vendor/slint-windows-mingw/lib/libslint_cpp.a(std-b0558c7fd7f3aef7.std.103871820a823c36-cgu.0.rcgu.o): in function `<std::sys::net::connection::socket::windows::Socket>::recv_with_flags':
/rustc/ac68faa20c58cbccd01ee7208bf3b6e93a7d7f96/library\std\src\sys\net\connection\socket/windows.rs:233:(.text+0x48681): undefined reference to `recv'
/usr/x86_64-w64-mingw32/bin/ld: /rustc/ac68faa20c58cbccd01ee7208bf3b6e93a7d7f96/library\std\src\sys\net\connection\socket/windows.rs:237:(.text+0x48699): undefined reference to `WSAGetLastError'
/usr/x86_64-w64-mingw32/bin/ld: /home/trash/Taalcha/vendor/slint-windows-mingw/lib/libslint_cpp.a(std-b0558c7fd7f3aef7.std.103871820a823c36-cgu.0.rcgu.o): in function `<std::sys::net::connection::socket::windows::Socket>::accept':
/rustc/ac68faa20c58cbccd01ee7208bf3b6e93a7d7f96/library\std\src\sys\net\connection\socket/windows.rs:216:(.text+0x48716): undefined reference to `accept'
/usr/x86_64-w64-mingw32/bin/ld: /home/trash/Taalcha/vendor/slint-windows-mingw/lib/libslint_cpp.a(std-b0558c7fd7f3aef7.std.103871820a823c36-cgu.0.rcgu.o): in function `std::sys::pal::windows::winsock::last_error':
/rustc/ac68faa20c58cbccd01ee7208bf3b6e93a7d7f96/library\std\src\sys\pal\windows/winsock.rs:43:(.text+0x48741): undefined reference to `WSAGetLastError'
/usr/x86_64-w64-mingw32/bin/ld: /home/trash/Taalcha/vendor/slint-windows-mingw/lib/libslint_cpp.a(std-b0558c7fd7f3aef7.std.103871820a823c36-cgu.0.rcgu.o): in function `<std::os::windows::io::socket::OwnedSocket as core::ops::drop::Drop>::drop':
/rustc/ac68faa20c58cbccd01ee7208bf3b6e93a7d7f96/library\std\src\os\windows\io/socket.rs:198:(.text+0x48763): undefined reference to `closesocket'
/usr/x86_64-w64-mingw32/bin/ld: /home/trash/Taalcha/vendor/slint-windows-mingw/lib/libslint_cpp.a(std-b0558c7fd7f3aef7.std.103871820a823c36-cgu.0.rcgu.o): in function `<std::sys::net::connection::socket::windows::Socket>::read_vectored':
/rustc/ac68faa20c58cbccd01ee7208bf3b6e93a7d7f96/library\std\src\sys\net\connection\socket/windows.rs:269:(.text+0x48e00): undefined reference to `WSARecv'
/usr/x86_64-w64-mingw32/bin/ld: /rustc/ac68faa20c58cbccd01ee7208bf3b6e93a7d7f96/library\std\src\sys\net\connection\socket/windows.rs:283:(.text+0x48e09): undefined reference to `WSAGetLastError'
/usr/x86_64-w64-mingw32/bin/ld: /home/trash/Taalcha/vendor/slint-windows-mingw/lib/libslint_cpp.a(std-b0558c7fd7f3aef7.std.103871820a823c36-cgu.0.rcgu.o): in function `<std::sys::net::connection::socket::windows::Socket>::recv_with_flags':
/rustc/ac68faa20c58cbccd01ee7208bf3b6e93a7d7f96/library\std\src\sys\net\connection\socket/windows.rs:233:(.text+0x48e64): undefined reference to `recv'
/usr/x86_64-w64-mingw32/bin/ld: /rustc/ac68faa20c58cbccd01ee7208bf3b6e93a7d7f96/library\std\src\sys\net\connection\socket/windows.rs:237:(.text+0x48e7c): undefined reference to `WSAGetLastError'
/usr/x86_64-w64-mingw32/bin/ld: /rustc/ac68faa20c58cbccd01ee7208bf3b6e93a7d7f96/library\std\src\sys\net\connection\socket/windows.rs:233:(.text+0x48eea): undefined reference to `recv'
/usr/x86_64-w64-mingw32/bin/ld: /rustc/ac68faa20c58cbccd01ee7208bf3b6e93a7d7f96/library\std\src\sys\net\connection\socket/windows.rs:237:(.text+0x48f01): undefined reference to `WSAGetLastError'
/usr/x86_64-w64-mingw32/bin/ld: /rustc/ac68faa20c58cbccd01ee7208bf3b6e93a7d7f96/library\std\src\sys\net\connection\socket/windows.rs:233:(.text+0x49104): undefined reference to `recv'
/usr/x86_64-w64-mingw32/bin/ld: /rustc/ac68faa20c58cbccd01ee7208bf3b6e93a7d7f96/library\std\src\sys\net\connection\socket/windows.rs:237:(.text+0x4911c): undefined reference to `WSAGetLastError'
/usr/x86_64-w64-mingw32/bin/ld: /home/trash/Taalcha/vendor/slint-windows-mingw/lib/libslint_cpp.a(std-b0558c7fd7f3aef7.std.103871820a823c36-cgu.0.rcgu.o): in function `<std::sys::net::connection::socket::windows::Socket>::write_vectored':
/rustc/ac68faa20c58cbccd01ee7208bf3b6e93a7d7f96/library\std\src\sys\net\connection\socket/windows.rs:353:(.text+0x4a629): undefined reference to `WSASend'
/usr/x86_64-w64-mingw32/bin/ld: /home/trash/Taalcha/vendor/slint-windows-mingw/lib/libslint_cpp.a(std-b0558c7fd7f3aef7.std.103871820a823c36-cgu.0.rcgu.o): in function `std::sys::pal::windows::winsock::last_error':
/rustc/ac68faa20c58cbccd01ee7208bf3b6e93a7d7f96/library\std\src\sys\pal\windows/winsock.rs:43:(.text+0x4a635): undefined reference to `WSAGetLastError'
/usr/x86_64-w64-mingw32/bin/ld: /home/trash/Taalcha/vendor/slint-windows-mingw/lib/libslint_cpp.a(std-b0558c7fd7f3aef7.std.103871820a823c36-cgu.0.rcgu.o): in function `std::sys::net::connection::socket::windows::netc::send':
/rustc/ac68faa20c58cbccd01ee7208bf3b6e93a7d7f96/library\std\src\sys\net\connection\socket/windows.rs:91:(.text+0x4a684): undefined reference to `send'
/usr/x86_64-w64-mingw32/bin/ld: /home/trash/Taalcha/vendor/slint-windows-mingw/lib/libslint_cpp.a(std-b0558c7fd7f3aef7.std.103871820a823c36-cgu.0.rcgu.o): in function `std::sys::pal::windows::winsock::last_error':
/rustc/ac68faa20c58cbccd01ee7208bf3b6e93a7d7f96/library\std\src\sys\pal\windows/winsock.rs:43:(.text+0x4a699): undefined reference to `WSAGetLastError'
/usr/x86_64-w64-mingw32/bin/ld: /home/trash/Taalcha/vendor/slint-windows-mingw/lib/libslint_cpp.a(std-b0558c7fd7f3aef7.std.103871820a823c36-cgu.0.rcgu.o): in function `<std::sys::net::connection::socket::windows::Socket>::write_vectored':
/rustc/ac68faa20c58cbccd01ee7208bf3b6e93a7d7f96/library\std\src\sys\net\connection\socket/windows.rs:353:(.text+0x4aa65): undefined reference to `WSASend'
/usr/x86_64-w64-mingw32/bin/ld: /home/trash/Taalcha/vendor/slint-windows-mingw/lib/libslint_cpp.a(std-b0558c7fd7f3aef7.std.103871820a823c36-cgu.0.rcgu.o): in function `std::sys::pal::windows::winsock::last_error':
/rustc/ac68faa20c58cbccd01ee7208bf3b6e93a7d7f96/library\std\src\sys\pal\windows/winsock.rs:43:(.text+0x4aa71): undefined reference to `WSAGetLastError'
/usr/x86_64-w64-mingw32/bin/ld: /home/trash/Taalcha/vendor/slint-windows-mingw/lib/libslint_cpp.a(std-b0558c7fd7f3aef7.std.103871820a823c36-cgu.0.rcgu.o): in function `<std::sys::net::connection::socket::LookupHost as core::ops::drop::Drop>::drop':
/rustc/ac68faa20c58cbccd01ee7208bf3b6e93a7d7f96/library\std\src\sys\net\connection\socket/mod.rs:339:(.text+0x4aab4): undefined reference to `freeaddrinfo'
/usr/x86_64-w64-mingw32/bin/ld: /home/trash/Taalcha/vendor/slint-windows-mingw/lib/libslint_cpp.a(std-b0558c7fd7f3aef7.std.103871820a823c36-cgu.0.rcgu.o): in function `<std::sys::net::connection::socket::windows::Socket>::write_vectored':
/rustc/ac68faa20c58cbccd01ee7208bf3b6e93a7d7f96/library\std\src\sys\net\connection\socket/windows.rs:353:(.text+0x4be89): undefined reference to `WSASend'
/usr/x86_64-w64-mingw32/bin/ld: /home/trash/Taalcha/vendor/slint-windows-mingw/lib/libslint_cpp.a(std-b0558c7fd7f3aef7.std.103871820a823c36-cgu.0.rcgu.o): in function `std::sys::pal::windows::winsock::last_error':
/rustc/ac68faa20c58cbccd01ee7208bf3b6e93a7d7f96/library\std\src\sys\pal\windows/winsock.rs:43:(.text+0x4be95): undefined reference to `WSAGetLastError'
/usr/x86_64-w64-mingw32/bin/ld: /home/trash/Taalcha/vendor/slint-windows-mingw/lib/libslint_cpp.a(std-b0558c7fd7f3aef7.std.103871820a823c36-cgu.0.rcgu.o): in function `<std::sys::net::connection::socket::windows::Socket>::write_vectored':
/rustc/ac68faa20c58cbccd01ee7208bf3b6e93a7d7f96/library\std\src\sys\net\connection\socket/windows.rs:353:(.text+0x4bf08): undefined reference to `WSASend'
/usr/x86_64-w64-mingw32/bin/ld: /home/trash/Taalcha/vendor/slint-windows-mingw/lib/libslint_cpp.a(std-b0558c7fd7f3aef7.std.103871820a823c36-cgu.0.rcgu.o): in function `std::sys::pal::windows::winsock::last_error':
/rustc/ac68faa20c58cbccd01ee7208bf3b6e93a7d7f96/library\std\src\sys\pal\windows/winsock.rs:43:(.text+0x4bf14): undefined reference to `WSAGetLastError'
/usr/x86_64-w64-mingw32/bin/ld: /home/trash/Taalcha/vendor/slint-windows-mingw/lib/libslint_cpp.a(std-b0558c7fd7f3aef7.std.103871820a823c36-cgu.0.rcgu.o): in function `<std::sys::net::connection::socket::windows::Socket>::read_vectored':
/rustc/ac68faa20c58cbccd01ee7208bf3b6e93a7d7f96/library\std\src\sys\net\connection\socket/windows.rs:269:(.text+0x507ed): undefined reference to `WSARecv'
/usr/x86_64-w64-mingw32/bin/ld: /rustc/ac68faa20c58cbccd01ee7208bf3b6e93a7d7f96/library\std\src\sys\net\connection\socket/windows.rs:283:(.text+0x507f6): undefined reference to `WSAGetLastError'
/usr/x86_64-w64-mingw32/bin/ld: /home/trash/Taalcha/vendor/slint-windows-mingw/lib/libslint_cpp.a(std-b0558c7fd7f3aef7.std.103871820a823c36-cgu.0.rcgu.o): in function `<std::sys::net::connection::socket::windows::Socket>::recv_with_flags':
/rustc/ac68faa20c58cbccd01ee7208bf3b6e93a7d7f96/library\std\src\sys\net\connection\socket/windows.rs:233:(.text+0x50867): undefined reference to `recv'
/usr/x86_64-w64-mingw32/bin/ld: /rustc/ac68faa20c58cbccd01ee7208bf3b6e93a7d7f96/library\std\src\sys\net\connection\socket/windows.rs:237:(.text+0x5087e): undefined reference to `WSAGetLastError'
/usr/x86_64-w64-mingw32/bin/ld: /home/trash/Taalcha/vendor/slint-windows-mingw/lib/libslint_cpp.a(i_slint_backend_winit-4b23938aaca1796a.i_slint_backend_winit.44df07db25e85e05-cgu.08.rcgu.o):i_slint_backend_winit.44df07db25e85e05-cgu.08:(.text+0xbe): undefined reference to `wglMakeCurrent'
/usr/x86_64-w64-mingw32/bin/ld: /home/trash/Taalcha/vendor/slint-windows-mingw/lib/libslint_cpp.a(i_slint_backend_winit-4b23938aaca1796a.i_slint_backend_winit.44df07db25e85e05-cgu.13.rcgu.o):i_slint_backend_winit.44df07db25e85e05-cgu.13:(.text+0x14): undefined reference to `wglMakeCurrent'
/usr/x86_64-w64-mingw32/bin/ld: /home/trash/Taalcha/vendor/slint-windows-mingw/lib/libslint_cpp.a(i_slint_backend_winit-4b23938aaca1796a.i_slint_backend_winit.44df07db25e85e05-cgu.13.rcgu.o):i_slint_backend_winit.44df07db25e85e05-cgu.13:(.text+0xa870): undefined reference to `wglMakeCurrent'
/usr/x86_64-w64-mingw32/bin/ld: /home/trash/Taalcha/vendor/slint-windows-mingw/lib/libslint_cpp.a(glutin-516a5072aef29836.glutin.191db3d1378e5876-cgu.01.rcgu.o):glutin.191db3d1378e5876-cgu.01:(.text+0xcb2): undefined reference to `wglCreateContext'
/usr/x86_64-w64-mingw32/bin/ld: /home/trash/Taalcha/vendor/slint-windows-mingw/lib/libslint_cpp.a(glutin-516a5072aef29836.glutin.191db3d1378e5876-cgu.01.rcgu.o):glutin.191db3d1378e5876-cgu.01:(.text+0xcd2): undefined reference to `wglShareLists'
/usr/x86_64-w64-mingw32/bin/ld: /home/trash/Taalcha/vendor/slint-windows-mingw/lib/libslint_cpp.a(glutin-516a5072aef29836.glutin.191db3d1378e5876-cgu.01.rcgu.o):glutin.191db3d1378e5876-cgu.01:(.text+0x2450): undefined reference to `wglGetProcAddress'
/usr/x86_64-w64-mingw32/bin/ld: /home/trash/Taalcha/vendor/slint-windows-mingw/lib/libslint_cpp.a(winit-1d0556593fe3f633.winit.131488612f61fcb0-cgu.00.rcgu.o):winit.131488612f61fcb0-cgu.00:(.text+0x2053): undefined reference to `ImmGetContext'
/usr/x86_64-w64-mingw32/bin/ld: /home/trash/Taalcha/vendor/slint-windows-mingw/lib/libslint_cpp.a(winit-1d0556593fe3f633.winit.131488612f61fcb0-cgu.00.rcgu.o):winit.131488612f61fcb0-cgu.00:(.text+0x2583): undefined reference to `ImmGetContext'
/usr/x86_64-w64-mingw32/bin/ld: /home/trash/Taalcha/vendor/slint-windows-mingw/lib/libslint_cpp.a(winit-1d0556593fe3f633.winit.131488612f61fcb0-cgu.00.rcgu.o):winit.131488612f61fcb0-cgu.00:(.text+0x265b): undefined reference to `ImmReleaseContext'
/usr/x86_64-w64-mingw32/bin/ld: /home/trash/Taalcha/vendor/slint-windows-mingw/lib/libslint_cpp.a(winit-1d0556593fe3f633.winit.131488612f61fcb0-cgu.00.rcgu.o):winit.131488612f61fcb0-cgu.00:(.text+0x35f7): undefined reference to `ImmReleaseContext'
collect2: error: ld returned 1 exit status
ninja: build stopped: subcommand failed.
